first_name,last_name,date_of_birth,phone
Christine,Lewis,1993-04-29 00:32:04,33-(752)813-0354
Kathleen,Snyder,1994-04-13 07:21:53,55-(434)112-7065
William,Wood,1997-05-25 22:26:12,351-(107)446-8659
Patricia,Harris,1990-09-01 21:30:14,86-(515)820-8301
Lois,Wheeler,1988-11-23 15:20:15,689-(838)539-8250
George,Wood,1987-03-19 17:16:30,1-(971)174-2433
Joseph,Willis,1985-10-09 11:07:55,57-(405)762-5756
Norma,Hall,1982-10-26 08:39:29,86-(699)214-3929
Gloria,Reed,1994-01-29 22:07:16,62-(182)317-4705
Terry,Pierce,1989-03-29 13:50:16,86-(238)559-5612
Norma,Ray,1985-08-21 08:25:14,420-(146)715-6938
Lois,Carpenter,1988-02-15 09:50:21,62-(417)475-7874
Shawn,Sullivan,1987-10-09 11:28:54,86-(260)205-0490
Christina,Romero,1992-08-31 15:27:07,86-(316)354-7417
Kathleen,Martinez,1997-02-11 19:28:09,7-(407)144-1052
Timothy,Sims,1992-09-01 18:17:27,249-(553)371-4681
Dorothy,Dean,1983-03-10 11:45:18,1-(126)924-4924
Joe,Wheeler,1985-12-05 10:32:08,62-(580)103-1414
George,Jones,1989-02-14 09:13:51,58-(849)660-0275
Scott,Lewis,1984-01-23 00:33:25,48-(690)282-2986
Kathryn,Greene,1984-08-28 17:05:59,351-(700)566-5757
Jimmy,Diaz,1986-05-20 20:45:52,591-(283)535-4241
Carl,Perez,1984-02-11 03:39:10,262-(840)469-3537
Jean,Diaz,1993-10-22 13:19:20,62-(423)589-7268
Keith,Reid,1991-08-02 12:16:24,420-(738)543-0418
Henry,Mitchell,1996-01-25 16:04:32,55-(843)961-8845
Terry,Palmer,1987-01-14 21:28:46,63-(145)241-8949
Dennis,Holmes,1987-12-03 03:12:51,992-(370)999-3972
Paul,Gardner,1984-12-18 20:32:12,33-(970)985-1041
Teresa,Sanders,1991-03-27 02:26:10,357-(641)944-7892
Benjamin,Berry,1986-02-15 17:10:26,62-(627)897-6697
Rose,Sanders,1992-05-01 10:01:57,255-(964)717-5321
Henry,Morales,1990-06-21 08:23:30,62-(712)955-6648
Terry,Moore,1988-04-17 19:53:04,1-(706)742-8550
Helen,Cruz,1990-03-02 02:25:13,7-(440)367-3123
Michael,Nelson,1996-10-04 11:50:21,33-(215)487-6357
Keith,Stewart,1991-01-31 20:48:12,46-(612)995-8135
Craig,Dunn,1981-08-17 07:54:45,383-(680)469-4170
Albert,Holmes,1980-01-24 22:27:06,86-(148)818-6023
Donald,Moreno,1994-08-12 19:49:35,7-(677)778-4141
Aaron,Smith,1980-04-23 04:46:08,86-(977)121-4743
Barbara,Graham,1990-05-26 15:22:10,55-(689)351-6097
Wanda,Schmidt,1982-08-27 10:28:28,84-(611)707-8694
Carlos,Stevens,1992-01-13 08:43:43,86-(201)466-8804
Amanda,Wright,1987-11-18 05:07:16,30-(556)953-5800
Susan,George,1994-07-29 06:13:23,57-(780)548-1132
Steve,Austin,1994-10-26 18:36:07,86-(473)927-1180
Cheryl,Parker,1989-07-07 04:49:34,374-(479)425-1181
Barbara,Owens,1990-10-07 18:45:27,371-(961)995-3166
Rebecca,Lee,1991-05-28 10:41:48,57-(767)995-0541
Harold,Owens,1991-12-22 19:12:12,7-(238)489-7741
William,Scott,1981-07-18 12:45:37,62-(261)727-3435
Scott,Martinez,1982-01-13 21:54:02,31-(335)471-1751
Robert,Gibson,1985-04-08 15:51:35,51-(834)881-7151
Ashley,King,1989-12-02 19:16:53,62-(523)590-3718
Kevin,Cole,1991-03-11 10:51:53,55-(906)833-2305
Charles,Carpenter,1988-12-13 03:38:01,86-(928)427-3242
Beverly,Arnold,1995-02-13 06:20:33,62-(857)790-4131
Mary,Chapman,1995-03-11 10:50:37,385-(963)276-6608
Annie,Harrison,1994-05-28 04:03:51,82-(620)160-1437
Timothy,Knight,1983-05-15 04:51:05,994-(730)555-4979
Jeffrey,Hawkins,1981-06-21 20:44:47,62-(439)226-6924
Albert,Dean,1986-11-10 08:54:48,46-(493)653-3107
Henry,Fisher,1985-11-11 10:27:30,54-(190)280-3324
Joshua,Lane,1984-11-01 02:15:58,48-(229)483-0002
Lori,Ward,1990-02-14 10:57:52,48-(498)210-2073
Ruth,Fowler,1982-09-22 16:31:51,880-(412)269-8064
Rebecca,Watkins,1994-09-26 00:49:51,86-(801)882-1616
Wayne,Walker,1982-07-08 14:31:19,63-(975)775-1652
Beverly,Sullivan,1992-01-12 03:57:50,86-(517)429-1033
Joshua,Hicks,1989-10-11 19:15:57,98-(821)274-8939
Brian,Price,1990-07-28 02:54:04,86-(301)588-0730
Peter,Scott,1988-06-11 20:35:03,420-(960)734-9317
Janice,Parker,1980-10-19 00:29:19,55-(474)819-8174
Louise,James,1987-04-14 20:12:07,358-(222)474-2128
Larry,Ryan,1987-08-09 13:54:32,81-(104)253-3297
Stephen,Phillips,1995-04-25 05:21:42,381-(997)390-3860
Raymond,Chapman,1997-10-02 09:56:17,385-(605)442-6253
Lawrence,Hansen,1994-12-14 10:04:14,86-(253)808-2255
Julia,Wallace,1985-04-01 09:49:25,420-(607)697-9800
Joe,Scott,1984-05-13 04:30:03,86-(703)802-5222
Billy,Fowler,1993-04-21 01:12:05,86-(421)822-8193
Louise,Hicks,1981-05-04 14:25:29,7-(218)548-9411
Andrea,Lee,1980-04-06 21:27:56,62-(599)790-9894
Albert,Green,1990-10-06 11:45:07,236-(728)990-0657
Sarah,Perez,1985-02-03 15:05:08,86-(545)643-8093
Carolyn,Lee,1995-10-27 17:11:35,46-(811)661-1380
Jerry,Thompson,1981-12-04 18:44:40,52-(796)507-6262
Joyce,Ford,1984-08-20 13:47:49,48-(444)512-7221
Anthony,Jordan,1996-05-12 12:51:24,62-(941)465-8126
Judy,Graham,1982-11-08 14:41:47,7-(614)159-7284
Debra,Howard,1991-08-18 01:27:29,56-(784)797-1373
Carl,Ray,1983-06-04 11:01:01,976-(367)597-2384
Robin,Torres,1980-07-22 07:59:07,504-(676)412-5164
Jacqueline,Moore,1983-02-17 05:24:09,51-(200)159-7004
Cynthia,Martinez,1987-02-26 16:51:53,86-(619)119-8081
Frances,Butler,1985-06-18 16:30:41,62-(689)618-8052
Louise,Lopez,1981-10-04 05:54:04,33-(440)339-0311
Lori,Hansen,1983-06-17 08:26:55,371-(741)344-9992
Judy,Ruiz,1981-03-28 00:17:45,51-(722)543-1363
Harry,Moore,1997-11-23 08:41:17,86-(896)370-3188
Scott,Knight,1989-04-01 08:33:42,55-(286)586-7926
Norma,Vasquez,1991-09-05 19:51:35,55-(931)433-6968
Rebecca,Stephens,1995-05-18 01:13:48,48-(515)549-5375
Judith,Wilson,1980-11-22 20:21:00,62-(227)563-8806
Daniel,Cruz,1990-04-06 20:02:47,7-(586)230-4102
Ann,Sullivan,1989-04-18 04:40:44,351-(828)544-4939
James,Walker,1984-10-06 18:56:52,92-(441)388-6944
Ann,White,1982-09-11 13:07:41,230-(274)896-5741
Laura,Reyes,1988-08-19 13:27:33,86-(162)705-0731
Samuel,Harvey,1993-09-15 03:08:38,55-(768)905-4361
Philip,Gibson,1994-08-12 11:50:16,57-(533)316-5409
Adam,Diaz,1983-06-17 21:22:04,86-(613)432-9664
Nicole,Hunt,1995-01-29 18:50:54,66-(510)353-8225
Brian,Carr,1996-03-26 16:03:31,33-(621)606-5493
Paula,Mccoy,1984-09-26 22:05:25,7-(338)401-0799
Norma,Fields,1990-07-13 18:48:35,7-(494)342-0984
Anna,Rivera,1981-08-11 23:08:11,33-(117)501-9030
Michelle,Greene,1989-06-14 08:11:25,86-(672)895-1193
Deborah,Kennedy,1980-06-11 23:48:09,86-(640)650-7903
Rachel,Andrews,1988-08-04 07:44:46,998-(990)274-6684
Betty,Harrison,1987-06-04 03:29:17,55-(121)606-4793
Theresa,Fisher,1982-05-25 09:19:03,7-(190)812-0388
Cynthia,Griffin,1985-10-27 17:48:18,33-(347)773-5195
Scott,Hicks,1992-03-18 13:20:38,86-(445)377-1178
Debra,Kennedy,1980-09-27 10:12:33,372-(724)386-9711
Willie,Miller,1981-06-26 10:42:11,55-(999)160-7410
Steven,Barnes,1987-11-05 06:10:25,57-(197)231-8996
Justin,Hunter,1986-09-23 05:56:53,81-(103)434-2283
Carl,Ryan,1986-07-25 01:18:02,86-(140)401-8726
Johnny,Anderson,1983-05-15 23:34:26,63-(686)681-1309
Denise,Marshall,1985-06-02 20:24:07,46-(511)647-2543
Eugene,Simpson,1984-02-01 11:06:43,62-(268)348-7387
John,Owens,1985-01-24 23:29:35,52-(456)382-9799
Sara,Holmes,1987-04-18 18:51:09,509-(881)344-9174
Sean,Parker,1983-04-16 14:12:59,351-(895)932-0488
Tammy,Lane,1980-10-29 15:50:06,92-(379)734-6887
Harold,Gonzalez,1997-06-12 15:22:51,62-(469)999-1300
Kelly,Kelley,1985-09-12 02:33:39,86-(566)418-3981
Cheryl,Fox,1996-06-12 17:30:40,86-(454)615-8662
Alice,Castillo,1988-12-18 14:08:50,7-(965)226-0974
Catherine,Grant,1980-02-14 00:19:52,57-(996)478-1125
Cheryl,Jones,1992-08-03 15:15:01,381-(176)432-8424
Albert,Ford,1988-07-16 19:39:09,57-(274)939-3988
Wayne,Wagner,1987-10-05 10:36:33,63-(325)649-3947
Bobby,Garcia,1986-04-24 01:52:42,63-(703)693-7371
Julie,Howell,1994-11-19 00:09:11,420-(705)684-8041
Teresa,Walker,1983-01-30 01:02:59,30-(525)546-5298
Alice,Medina,1987-12-01 16:57:51,994-(378)961-5565
Amanda,Greene,1980-07-03 14:01:55,86-(978)656-9405
Tammy,Graham,1986-06-16 05:00:41,998-(889)371-3861
Eric,Crawford,1983-11-18 14:53:34,385-(420)172-0155
Teresa,Wood,1997-05-28 09:36:52,62-(322)706-4433
Samuel,Rose,1987-12-11 05:42:22,86-(387)917-7366
Kathleen,Hunt,1991-12-12 02:12:51,86-(951)391-4648
Kenneth,Smith,1985-02-16 19:23:37,54-(717)646-9629
Alan,Collins,1995-06-24 20:52:25,81-(149)111-3728
Billy,Mason,1984-03-30 13:52:49,263-(713)843-1941
Eugene,Robinson,1984-12-30 22:09:59,351-(636)877-4481
Laura,Garcia,1992-04-25 18:15:08,63-(572)355-0498
Harold,Moore,1990-04-20 10:27:50,382-(225)855-4010
Janet,Rice,1990-01-12 07:47:49,265-(908)375-0330
Dorothy,Lee,1986-06-27 11:47:39,62-(266)230-8147
Willie,Willis,1985-01-31 17:30:24,55-(559)894-6106
Harold,Miller,1990-10-10 08:09:34,62-(108)422-2775
Anne,Kim,1988-10-25 18:07:24,66-(568)715-0400
Johnny,Simpson,1986-06-28 02:26:54,57-(484)749-2427
Johnny,Meyer,1984-06-27 20:22:04,7-(832)393-5689
Judith,Howell,1988-03-12 16:45:19,63-(820)721-6333
Marie,Duncan,1997-06-09 09:43:01,48-(467)927-7558
Craig,Knight,1989-05-12 23:16:09,351-(978)716-7757
Joyce,Jordan,1988-07-21 02:26:22,93-(759)235-4024
Gerald,Tucker,1980-07-03 15:49:21,86-(644)739-2184
Sara,Morris,1995-08-14 03:46:06,358-(805)214-8223
Brenda,Day,1995-03-22 08:23:10,7-(245)230-5803
Howard,Alexander,1982-04-14 08:34:39,352-(958)138-5082
Emily,Perkins,1986-09-01 04:50:05,970-(852)505-4644
Jerry,Ward,1983-07-14 19:47:09,86-(396)225-6389
Roy,Hayes,1992-05-09 22:37:07,353-(955)375-6452
Phillip,Fernandez,1990-04-19 19:13:51,33-(107)849-2227
Ernest,Lynch,1985-02-23 16:40:36,86-(450)572-7087
Kimberly,Meyer,1991-06-01 21:03:51,358-(118)304-3183
Louis,Woods,1981-12-01 04:31:02,62-(162)806-4471
Ronald,Cruz,1981-05-25 09:01:03,86-(927)127-9303
Donald,Wheeler,1987-12-28 02:15:49,86-(733)213-0947
Richard,Murphy,1997-04-23 02:39:37,84-(732)606-8868
Harold,Porter,1991-03-20 14:51:13,420-(468)973-5765
Mark,Perez,1982-05-05 10:19:22,86-(837)878-7172
Frank,Larson,1996-03-21 19:02:53,63-(950)317-8037
Roy,Butler,1983-03-21 00:49:06,62-(968)806-8541
Jose,Hanson,1986-04-07 18:41:47,62-(624)838-3727
Brian,Boyd,1982-03-11 16:39:07,55-(978)832-3102
Kathryn,Hansen,1987-10-25 22:53:00,46-(135)866-7732
Dennis,Hawkins,1994-06-02 17:08:29,66-(234)724-1712
Peter,Daniels,1988-02-01 01:25:24,27-(161)590-2415
Christina,Matthews,1994-10-19 16:46:01,86-(437)170-7189
Timothy,Lane,1983-08-30 14:32:35,62-(258)449-9373
Marilyn,Cook,1982-09-26 09:23:47,57-(559)254-6609
Gary,Hawkins,1997-12-01 15:09:39,7-(671)952-5250
Adam,Willis,1980-05-01 15:30:13,44-(865)633-8075
Martha,Nichols,1980-04-02 04:53:42,66-(627)967-8093
Helen,Stevens,1990-03-24 14:09:32,351-(822)403-7681
Chris,Richardson,1991-12-12 19:49:36,55-(991)702-0248
Julia,Franklin,1982-06-23 15:31:08,261-(980)303-9938
Louise,Dunn,1996-07-25 01:15:45,63-(578)650-7399
Andrea,Simpson,1983-02-22 14:52:13,57-(151)964-3388
Roy,Griffin,1987-09-16 11:42:46,7-(388)113-9766
Mark,Ortiz,1990-11-28 11:35:08,48-(246)961-5579
Teresa,Hawkins,1993-03-18 10:40:11,55-(938)347-0255
Jean,Clark,1980-03-27 03:04:59,358-(278)475-7345
Paula,Mitchell,1989-04-27 06:44:48,591-(574)425-6607
Betty,Ramirez,1982-07-20 18:04:44,381-(734)832-1237
Kathy,James,1992-11-01 14:15:09,62-(812)686-7642
Louis,Ward,1985-04-14 15:55:42,55-(555)943-2556
Mary,Stanley,1983-06-18 00:40:32,593-(290)699-6399
Mark,Owens,1984-02-04 02:02:06,216-(396)630-9625
Edward,Patterson,1983-02-21 11:31:55,972-(341)118-6661
Phyllis,Banks,1989-10-19 01:30:31,48-(732)838-1742
Jane,Willis,1988-09-25 11:14:37,62-(134)955-7594
Lisa,Kelly,1983-12-14 10:22:42,84-(881)757-0839
Peter,Peters,1981-10-19 23:47:15,62-(716)237-4435
Barbara,Perez,1993-09-05 20:41:38,63-(820)256-1081
Clarence,Banks,1985-07-26 01:16:00,216-(374)843-6459
Andrew,Ramos,1985-06-06 01:54:23,86-(750)543-5321
Sandra,Garza,1990-06-14 12:42:22,976-(830)133-9181
Tina,Bishop,1988-12-27 05:32:28,34-(908)107-0925
Sean,Pierce,1986-10-07 01:13:04,57-(882)947-1411
Anna,Palmer,1983-12-31 13:38:46,62-(610)230-7328
Alan,Edwards,1985-09-17 16:35:30,63-(463)193-0944
Beverly,Peterson,1993-04-03 03:04:30,62-(497)160-5705
Susan,Welch,1988-12-21 20:41:08,57-(601)755-4748
Jack,Hayes,1986-02-13 21:48:35,86-(343)709-8115
Deborah,Hughes,1980-11-02 03:07:10,86-(343)773-5658
Kimberly,Thompson,1995-05-22 15:38:34,420-(205)990-1633
Ann,Long,1997-02-05 00:08:24,48-(290)528-4269
Anna,Campbell,1988-01-28 03:31:08,93-(295)384-8226
Matthew,Chapman,1992-12-12 02:23:24,238-(838)537-9946
Antonio,Henry,1987-09-10 09:57:55,86-(586)419-2766
Cheryl,Larson,1996-11-25 12:19:11,62-(663)884-2838
Harry,Mills,1993-05-27 05:32:41,54-(611)338-3066
Lillian,Rose,1983-06-09 21:10:19,33-(419)255-4439
Christina,Hawkins,1983-06-29 22:31:24,30-(925)173-2414
Stephen,Rice,1982-10-01 01:26:04,33-(863)118-8431
Larry,Powell,1981-02-26 18:09:30,62-(681)914-2420
Julie,Hamilton,1982-11-07 23:53:38,52-(234)847-3231
Wanda,Wood,1996-06-08 05:11:28,960-(966)217-5262
Christina,Graham,1988-04-22 18:28:39,55-(467)598-6742
Pamela,Snyder,1992-11-08 13:42:07,86-(938)501-1719
Emily,Moreno,1982-07-25 17:10:54,86-(879)904-2449
Anne,Ellis,1987-02-07 11:54:33,62-(191)530-6521
Irene,Palmer,1986-07-26 18:54:10,54-(974)943-2335
Annie,Harper,1990-08-13 22:07:38,53-(519)609-0119
Julie,Young,1980-06-03 21:13:33,86-(406)989-4851
Marie,Reyes,1992-03-28 01:40:15,92-(688)149-4634
Chris,George,1991-09-23 13:11:30,86-(917)361-0184
Marilyn,Perry,1987-03-18 02:18:33,32-(918)966-2764
Charles,Fisher,1985-08-06 06:35:33,62-(456)940-2660
Bonnie,King,1988-10-24 08:58:31,86-(494)713-0088
Theresa,Washington,1981-10-12 03:05:04,1-(818)488-0871
Irene,Brooks,1986-07-11 02:51:05,370-(138)740-8898
Kathryn,Armstrong,1986-06-14 11:28:32,1-(115)165-6468
Eugene,Fox,1988-05-14 04:03:16,48-(983)435-6750
Carlos,Ortiz,1981-01-28 18:58:15,86-(440)103-0076
Joan,Young,1990-10-27 01:02:28,7-(424)306-2044
Juan,White,1989-08-30 06:49:06,86-(577)816-6954
James,Armstrong,1991-06-01 15:27:07,33-(442)184-5582
Clarence,Garcia,1986-10-08 18:46:48,380-(275)593-0107
Henry,Harrison,1990-01-23 22:01:58,66-(286)926-6286
Jimmy,Hill,1986-02-25 20:59:10,30-(608)788-6274
Victor,Jones,1990-09-29 03:01:37,994-(319)352-6048
Anthony,Crawford,1990-08-07 17:12:35,62-(815)811-1543
Rose,Hudson,1988-04-23 04:42:30,52-(937)200-9992
Timothy,Payne,1990-01-03 12:52:31,46-(664)113-8820
Joan,Carroll,1989-02-16 17:44:11,81-(554)948-1572
Jonathan,Hughes,1981-05-23 06:59:51,47-(187)617-9051
Ruby,Weaver,1990-12-09 22:19:36,48-(122)682-0145
Russell,Gardner,1986-01-14 15:36:11,351-(460)740-3199
Norma,Stanley,1988-04-03 20:39:40,351-(307)621-9978
Gloria,Rogers,1991-01-22 23:00:29,86-(313)776-6961
Michelle,Murray,1985-12-31 21:54:46,375-(620)330-0703
Louise,Parker,1980-05-27 00:00:27,86-(208)308-0856
Sandra,Freeman,1982-04-06 01:24:57,375-(379)220-6232
Janet,Reynolds,1984-03-12 12:36:03,62-(298)423-5865
Wayne,Ortiz,1993-09-07 06:43:49,970-(822)710-5303
Bonnie,Watkins,1992-09-08 18:06:29,357-(155)563-9754
Robin,Campbell,1985-05-13 14:45:55,359-(350)514-0925
Christopher,Bailey,1994-01-30 17:32:41,212-(297)740-3961
Cynthia,Evans,1989-10-21 09:18:17,46-(208)324-3100
Catherine,Henderson,1997-03-16 11:26:24,86-(595)322-4042
Kimberly,Lawson,1995-01-24 04:01:58,1-(208)348-0688
Janice,Castillo,1982-01-09 02:15:05,62-(248)645-3011
Paul,Howell,1985-10-30 01:37:34,359-(138)100-5496
Cynthia,Little,1981-01-26 19:11:14,7-(589)237-5097
Judith,Payne,1996-06-01 01:20:08,1-(583)242-0066
Kimberly,Jackson,1993-05-22 08:25:23,420-(641)583-9880
Betty,Frazier,1995-03-23 04:17:58,62-(692)588-9594
Gary,Duncan,1996-10-13 06:18:27,46-(197)320-5670
Debra,Rice,1991-08-06 20:58:27,86-(616)827-5088
Patrick,Reynolds,1989-01-20 09:10:40,386-(695)270-5436
Dennis,Dixon,1995-12-20 20:43:45,351-(335)251-7509
Shawn,Watkins,1997-01-17 14:16:36,86-(534)279-0802
Gary,Butler,1995-05-26 05:42:07,33-(760)437-5348
Anne,Phillips,1994-08-22 06:51:39,7-(949)916-1544
Beverly,Armstrong,1997-02-10 06:04:12,504-(748)764-8462
Douglas,Edwards,1994-03-10 23:08:43,972-(692)540-7401
Jennifer,Evans,1986-03-02 15:55:53,7-(927)443-4838
Patricia,Ferguson,1980-06-05 00:46:04,62-(968)482-5165
Nicholas,Parker,1995-09-24 08:18:01,55-(466)835-9248
Norma,Jacobs,1995-08-19 06:00:42,62-(456)139-0566
Ryan,Simpson,1982-12-09 23:03:32,86-(709)909-2585
Nicholas,Davis,1990-04-01 09:28:48,86-(431)802-4040
Andrea,Fox,1980-01-13 05:45:49,1-(138)720-0558
Lois,Cruz,1996-06-18 01:05:14,54-(908)878-6896
Angela,Fox,1982-11-15 22:46:55,55-(326)481-0184
Michael,Meyer,1985-06-27 11:26:59,56-(974)369-5138
Jane,Gardner,1995-12-26 22:17:23,84-(457)247-9740
William,Hunt,1987-11-01 00:46:19,51-(224)552-7431
Amanda,Tucker,1983-11-11 17:38:28,351-(422)151-5215
Douglas,Crawford,1982-04-26 11:42:18,225-(364)715-0600
Albert,Freeman,1992-03-30 02:13:55,86-(461)227-3935
Benjamin,Robinson,1986-10-07 13:22:50,62-(745)696-0943
James,Davis,1997-07-06 16:08:17,255-(669)901-9129
Craig,Clark,1990-08-04 23:00:21,62-(513)685-5398
Amy,Griffin,1994-03-30 21:26:44,48-(982)235-5676
Gregory,Morrison,1985-01-13 12:25:13,7-(217)858-4662
Kelly,Crawford,1997-05-27 10:22:09,86-(866)600-8483
Nicholas,Bradley,1995-09-26 00:30:37,63-(197)434-2939
Lois,Adams,1984-03-22 23:15:25,86-(647)429-3559
Kathleen,Wells,1981-11-10 12:53:33,251-(566)536-0388
Janice,Alexander,1993-07-24 22:52:04,86-(665)542-0341
Lawrence,Moore,1995-01-09 01:10:18,7-(713)509-4495
Mary,Coleman,1989-08-13 22:06:19,86-(234)404-5520
Lori,Johnston,1980-07-01 18:45:36,420-(870)547-1567
Steven,Mcdonald,1997-09-27 02:20:23,976-(636)281-8892
Tina,Price,1982-06-14 18:11:33,92-(814)192-4766
Kathy,Bailey,1983-08-15 00:37:25,62-(697)788-7450
Rose,Scott,1987-10-23 16:31:59,7-(317)283-2509
Sandra,Harper,1990-03-31 16:56:25,48-(598)862-0588
Christopher,Simmons,1986-12-12 04:51:33,86-(746)149-8962
Kathy,Wagner,1995-11-11 13:21:58,86-(426)547-4963
Mark,Gonzalez,1980-08-24 08:28:23,46-(419)799-8437
Mary,Rivera,1995-07-01 16:32:43,86-(229)326-5117
Charles,Matthews,1981-06-12 12:08:07,380-(354)408-1807
Jeremy,Bennett,1980-06-20 13:03:46,1-(504)897-5229
Clarence,Fields,1989-01-27 14:49:46,63-(303)720-5776
Randy,Andrews,1983-06-10 16:45:34,420-(684)122-2917
Jeremy,Chapman,1987-09-22 16:27:06,48-(246)211-4075
Martin,Diaz,1982-03-11 20:46:57,62-(904)577-9089
Adam,Welch,1983-06-10 13:29:11,385-(546)711-3581
Jennifer,Sanders,1997-02-20 09:09:26,48-(130)816-6448
Keith,Meyer,1995-02-25 01:11:34,351-(545)540-3300
Phyllis,Armstrong,1985-12-11 06:12:33,7-(829)882-8262
Wanda,Wells,1994-05-09 05:48:50,92-(255)743-1667
Lisa,Jackson,1984-12-07 08:28:55,86-(162)190-4470
Joseph,Snyder,1996-01-21 04:17:37,353-(547)260-0268
Irene,Hart,1982-05-08 15:45:03,48-(846)674-3447
Jeremy,Martin,1987-12-04 11:55:26,7-(851)491-1499
Jessica,Gardner,1982-01-30 13:38:24,86-(235)348-2525
Betty,Butler,1996-01-18 02:46:07,63-(420)658-7187
Nancy,Olson,1981-03-22 21:30:47,86-(834)568-8924
Frances,Ferguson,1988-09-13 21:14:54,54-(790)681-9058
Lawrence,Ryan,1984-02-03 02:38:56,54-(897)710-4290
Catherine,Larson,1985-08-27 22:59:44,36-(713)159-3560
Amanda,Martin,1990-02-09 03:10:20,86-(510)765-8492
Rachel,Ford,1996-03-08 20:50:19,420-(302)852-0596
Jack,Owens,1997-08-03 05:40:20,62-(318)780-1318
Harold,Williams,1990-09-06 11:46:54,30-(587)599-5734
William,Johnson,1997-09-28 04:24:02,502-(392)539-1920
Wayne,Foster,1983-04-17 13:28:15,62-(618)277-9486
Gary,Wood,1996-08-08 17:32:27,63-(273)197-8866
Andrea,Crawford,1997-04-14 21:30:22,33-(350)131-6026
Earl,Reid,1981-06-16 07:52:47,55-(871)302-4015
Justin,Reynolds,1994-01-03 12:02:37,54-(990)361-2054
Larry,Hudson,1987-09-17 06:50:42,7-(444)937-3888
Lori,Bradley,1993-09-23 12:31:40,62-(471)175-1100
Susan,Morris,1994-04-22 05:07:04,7-(972)388-3824
Michael,Little,1992-10-30 07:37:46,33-(680)486-5353
Cheryl,Ray,1990-06-30 00:22:59,1-(792)431-4444
Alice,Sims,1980-07-11 13:12:46,51-(919)984-7121
Phillip,Perkins,1986-04-30 14:35:01,66-(206)341-6335
Maria,Franklin,1983-01-05 01:16:37,1-(435)343-8705
Philip,Jackson,1997-12-02 21:09:14,86-(465)246-2474
Aaron,Henry,1985-08-10 07:16:46,48-(455)687-8722
Steven,Morales,1993-08-17 00:58:22,7-(462)752-4923
Stephanie,Greene,1981-05-29 13:33:13,7-(481)881-9931
Julie,Ortiz,1980-09-19 10:05:15,33-(266)602-2125
Ruth,Lopez,1982-04-01 10:01:06,63-(664)184-2842
Rachel,Daniels,1989-05-10 19:45:55,86-(278)715-3319
Brian,Riley,1986-03-08 14:35:16,420-(304)403-1170
Kimberly,Graham,1988-08-23 11:42:15,86-(279)571-9604
Carolyn,Simmons,1987-11-30 11:46:12,381-(594)554-6503
Eric,Jordan,1989-12-21 20:51:57,66-(525)926-2264
Lisa,Lane,1981-06-19 08:58:35,36-(468)866-7194
Andrew,Fisher,1996-01-06 07:15:43,7-(930)618-5676
Phillip,Jordan,1995-08-27 15:03:50,86-(911)685-5987
Lois,Ramirez,1990-05-24 20:47:18,27-(105)835-1229
Terry,Murray,1991-04-30 11:55:41,7-(627)138-5494
Pamela,Murray,1994-06-22 10:25:51,63-(485)916-6517
Raymond,Bowman,1983-04-28 00:48:45,62-(446)671-5940
Anna,James,1984-06-06 13:40:15,86-(950)895-6793
Ralph,Morris,1982-12-08 14:58:57,7-(699)625-4790
Carl,Gutierrez,1994-08-11 15:35:03,86-(865)130-1430
Steve,Taylor,1990-02-21 22:24:11,963-(393)273-6971
Timothy,Bailey,1989-05-14 18:37:35,591-(434)589-6589
Rebecca,White,1984-09-30 14:52:39,86-(862)566-5821
Bobby,Patterson,1989-06-10 11:08:17,81-(651)401-4620
Betty,Holmes,1987-08-26 18:43:49,63-(601)272-9226
Howard,Shaw,1982-05-18 20:41:27,55-(570)887-3604
Benjamin,Kelly,1981-05-11 02:39:34,380-(580)621-6172
Dennis,Long,1995-03-02 13:45:46,62-(833)944-6275
Norma,Mason,1990-07-26 13:49:06,355-(897)152-3523
Kimberly,Rodriguez,1993-08-08 21:08:22,62-(643)466-3282
Todd,Boyd,1996-08-04 01:51:48,380-(377)575-6939
Gloria,Garrett,1984-06-26 23:07:32,7-(616)671-4861
Johnny,Willis,1987-05-26 12:43:29,54-(264)531-5483
Rachel,Carter,1992-05-10 10:46:59,380-(898)178-0768
Bonnie,Arnold,1989-03-27 02:09:37,54-(293)575-3957
Karen,Jackson,1984-03-30 15:26:26,33-(844)342-9263
Joyce,Cole,1997-10-03 13:20:12,507-(653)511-3271
Aaron,Foster,1993-07-27 20:00:18,62-(274)960-5766
Janet,Cruz,1988-07-04 12:00:44,86-(896)577-8309
Christopher,Richards,1982-12-21 02:56:53,1-(330)186-0968
Anna,Johnson,1982-08-10 03:40:26,62-(951)230-7391
John,Johnston,1992-11-16 18:48:04,7-(396)474-3961
Chris,Mitchell,1991-12-26 14:05:32,62-(701)972-2021
Fred,Richards,1985-06-13 02:53:48,352-(933)134-5253
Ryan,Dean,1986-02-01 16:59:28,351-(540)487-2884
Chris,Watkins,1993-10-26 10:19:21,380-(834)719-5780
Ruth,Johnson,1987-05-24 20:12:39,420-(865)172-8685
Willie,Graham,1995-05-19 07:19:41,27-(747)576-8907
Harold,Ruiz,1986-07-19 22:33:40,351-(224)888-0346
Susan,Owens,1986-05-26 07:46:06,33-(927)459-0815
Johnny,Banks,1992-10-21 10:32:31,86-(344)904-4851
Billy,Clark,1987-04-27 13:07:54,86-(566)578-3273
Andrew,Gordon,1989-03-07 01:50:21,234-(578)781-4758
Carl,Miller,1986-01-28 06:54:05,86-(188)247-2881
Kenneth,Coleman,1995-11-15 07:35:42,62-(232)199-1064
Donna,Stone,1985-04-22 01:44:56,358-(458)219-5505
Steven,Gutierrez,1981-05-17 23:31:43,351-(697)243-8058
Lois,Dixon,1994-02-19 18:03:35,43-(453)430-6974
Robin,Ruiz,1997-02-04 13:00:58,358-(956)461-9087
Arthur,Hanson,1995-06-12 15:55:22,386-(930)221-5895
Ann,Gardner,1990-02-07 18:31:20,995-(256)684-9090
Jimmy,Smith,1991-07-12 03:21:59,86-(354)773-3740
Lillian,Harris,1983-03-25 16:00:11,56-(935)629-7456
Keith,Cruz,1996-05-13 15:23:50,92-(766)823-1022
Kelly,Nguyen,1981-11-29 03:59:04,252-(708)267-0545
Joe,Richards,1985-02-18 04:08:22,61-(183)550-2157
Harry,Morales,1995-11-14 19:41:55,62-(844)376-4289
Fred,Moore,1996-02-06 21:26:59,52-(436)492-9210
Mark,Roberts,1985-09-22 14:06:12,47-(122)728-4348
Ann,Stone,1995-08-16 15:09:28,1-(806)723-2759
David,Brown,1992-08-25 06:42:45,62-(300)420-1469
Larry,Berry,1996-09-09 00:42:39,972-(264)245-1191
Ryan,Stevens,1996-03-31 20:15:47,351-(380)973-7403
Keith,Phillips,1994-04-12 01:00:04,44-(405)541-6420
Richard,Jones,1997-05-15 20:18:35,60-(309)396-4716
Irene,Snyder,1996-09-12 00:53:13,33-(587)358-5166
Justin,Russell,1996-11-11 07:22:20,62-(445)511-1638
Margaret,Burton,1980-02-28 08:47:53,880-(286)669-5465
George,Kim,1986-01-17 11:39:36,86-(391)714-0790
Russell,Davis,1997-02-24 19:38:06,63-(925)998-3033
Gary,Rodriguez,1990-12-05 05:23:31,1-(512)949-9889
Antonio,Weaver,1980-06-06 19:18:31,63-(961)277-8752
Bobby,Ray,1994-03-20 20:23:23,92-(771)733-7006
Janice,Reyes,1993-02-14 18:20:52,962-(489)830-2554
Ryan,Crawford,1981-09-20 02:56:28,994-(618)932-1229
Kimberly,Green,1995-02-03 05:06:08,63-(497)537-3443
Charles,Hansen,1989-04-03 22:48:04,62-(770)577-5587
Teresa,Bailey,1992-12-04 07:27:35,62-(212)266-9115
Douglas,Alvarez,1981-07-01 22:36:53,58-(966)423-4843
Thomas,Allen,1994-12-26 09:01:09,7-(524)560-9486
David,Coleman,1993-05-09 23:44:46,62-(481)901-6560
Benjamin,Brooks,1994-03-26 13:06:02,976-(169)509-5664
Paul,Ryan,1985-10-02 08:19:32,351-(821)289-3619
Kelly,Larson,1987-10-14 02:06:17,46-(584)683-6865
Louise,Jackson,1990-04-08 02:59:35,261-(864)672-6138
Ruth,Baker,1995-10-18 02:13:13,7-(137)212-1709
Margaret,Marshall,1993-02-09 01:03:56,33-(290)710-5651
Keith,Carroll,1982-11-15 19:17:53,598-(856)319-5820
Shirley,Wright,1985-08-22 01:21:01,251-(134)522-3595
Betty,Morales,1985-09-04 11:57:05,62-(751)583-3189
Justin,Carpenter,1983-03-24 15:19:22,62-(858)567-2823
Kevin,Dean,1996-02-10 00:34:19,55-(172)327-4386
Maria,Rose,1995-02-20 06:55:44,48-(534)378-5984
Douglas,Dixon,1997-04-27 16:04:16,967-(303)710-6904
Joe,Turner,1995-07-18 12:01:12,351-(992)170-0881
Carolyn,Cox,1990-02-27 23:00:33,63-(920)487-8969
William,Smith,1985-01-15 08:08:03,7-(873)739-5306
Dennis,Boyd,1982-12-22 15:56:21,503-(439)722-7909
Martha,Reid,1982-01-26 11:23:03,506-(165)796-4091
Andrew,Green,1996-01-23 18:23:24,81-(113)228-6423
Jason,Russell,1996-04-09 14:18:44,62-(134)127-6295
Catherine,Reynolds,1997-11-26 18:42:35,977-(131)831-5011
Jason,Cook,1995-07-29 09:01:48,53-(853)362-1685
Scott,Carpenter,1992-04-15 01:11:19,57-(895)558-6418
Judy,Harvey,1990-02-14 04:14:28,86-(140)874-9844
Janice,Burton,1980-08-29 13:32:41,7-(559)843-3233
Theresa,Harrison,1991-09-27 21:31:51,57-(104)325-2930
Jonathan,Young,1981-03-16 17:12:23,1-(352)728-0821
Judith,Lawrence,1997-01-25 13:33:40,62-(410)929-8106
Cynthia,Walker,1987-06-19 17:50:50,55-(118)196-7661
Rose,George,1994-11-10 01:18:20,54-(558)942-2796
Henry,Hill,1997-06-21 12:41:12,86-(983)299-0407
Kevin,Ortiz,1996-08-24 11:15:33,7-(237)830-4391
Eric,Griffin,1992-11-24 00:43:24,218-(508)906-4113
Elizabeth,Cole,1981-04-24 11:59:02,62-(666)958-1956
Dennis,Kelly,1987-04-28 06:44:05,33-(127)293-4871
Donna,Ramos,1986-10-10 22:38:17,92-(753)352-5763
Kimberly,Tucker,1986-04-24 07:09:21,86-(471)278-8939
Harry,Lawrence,1992-11-21 02:44:05,7-(668)304-0505
Jose,Franklin,1982-10-07 08:07:32,86-(190)972-8432
Teresa,Mills,1996-02-27 18:04:50,33-(395)503-2456
Thomas,George,1996-03-21 06:08:23,355-(450)846-4123
Kathleen,Wells,1988-11-02 03:48:33,996-(129)901-0067
Jonathan,Gutierrez,1988-01-12 03:03:25,33-(881)804-6062
Anne,Lawrence,1982-08-09 23:34:46,1-(707)529-0251
Jeffrey,Gordon,1995-08-11 14:20:43,86-(239)470-2348
Laura,Russell,1982-10-11 23:50:29,598-(850)828-7575
Peter,Mason,1983-12-25 20:36:16,52-(559)826-1544
Jose,Williams,1995-08-09 13:08:48,371-(600)703-7032
Lawrence,Cruz,1997-07-12 01:53:37,380-(580)181-4023
Alice,Reid,1987-03-08 11:47:25,7-(795)149-3456
Aaron,Romero,1981-05-13 22:40:47,66-(610)433-3701
Virginia,Williams,1987-11-17 14:32:06,54-(259)579-6331
Doris,Jackson,1987-05-25 20:22:02,353-(436)155-5404
Antonio,Medina,1985-05-03 03:03:58,992-(538)499-7071
Janet,Hernandez,1981-07-06 03:45:29,62-(535)664-1060
Randy,Mitchell,1995-10-06 16:32:35,86-(736)623-8036
Diana,Roberts,1991-01-09 13:44:26,46-(972)681-6432
George,Mills,1994-05-14 22:43:25,60-(246)349-8248
Jason,Diaz,1994-10-13 00:57:36,55-(993)777-5992
Helen,Reid,1990-11-28 01:57:06,63-(543)647-2366
Laura,Campbell,1984-11-30 15:04:44,62-(357)219-4540
Judith,Gonzales,1990-11-01 07:41:54,62-(581)302-7566
Linda,Berry,1988-04-21 04:23:06,7-(723)714-4955
Paul,Harper,1995-01-31 03:44:31,62-(548)199-7264
Nancy,Knight,1988-08-20 04:52:40,62-(933)996-4191
Louis,Perkins,1995-09-10 17:10:35,58-(673)254-3494
Judith,Gonzalez,1983-08-04 09:05:41,352-(904)326-9294
Ann,Sims,1985-03-30 13:38:00,375-(240)213-3838
Tina,Hansen,1988-04-16 17:47:14,880-(301)126-7603
Catherine,Gardner,1982-02-24 04:02:20,86-(635)976-8769
Irene,Franklin,1986-01-16 00:00:28,86-(432)717-9439
Timothy,Duncan,1989-06-08 03:21:06,84-(937)780-2294
Diane,Gonzalez,1980-08-07 03:16:31,380-(907)944-8342
Frances,Gray,1982-06-27 21:57:02,385-(384)148-1470
Jason,Chapman,1994-02-20 19:07:25,968-(425)745-4437
Jesse,Armstrong,1997-04-01 20:57:49,86-(204)746-5269
Craig,Washington,1990-01-25 00:25:56,994-(526)120-3232
David,Rice,1986-11-03 03:06:47,81-(637)553-6624
Denise,Rodriguez,1980-02-12 20:15:09,46-(671)303-5754
Susan,Allen,1995-07-28 10:15:56,60-(602)954-4725
Todd,Garrett,1993-09-14 12:33:25,53-(589)111-7674
Gary,Fuller,1991-11-12 08:04:01,27-(694)425-4965
Ann,Shaw,1985-12-11 03:01:27,86-(134)825-3128
Irene,Olson,1997-05-13 16:35:13,86-(108)158-5902
Ann,Green,1983-04-08 09:50:34,81-(374)521-0875
Susan,Stone,1990-12-21 02:40:54,62-(170)308-9188
Teresa,Wood,1991-07-20 06:49:49,353-(513)318-8181
Eugene,Harper,1989-05-16 14:26:18,381-(376)999-4847
Robin,Reid,1990-09-15 05:55:06,46-(964)478-8508
Lisa,Wheeler,1990-01-25 09:39:43,62-(308)496-4126
Patricia,King,1989-04-17 09:16:34,358-(693)667-4156
Johnny,Edwards,1984-05-15 11:48:06,86-(999)103-9132
Bonnie,Kelly,1988-01-20 18:02:12,33-(618)237-3000
Michelle,Stewart,1994-10-26 19:14:10,63-(453)602-5504
Dennis,Rivera,1994-04-30 06:09:38,63-(169)285-0503
Antonio,Grant,1985-12-10 20:29:00,62-(962)918-4008
Evelyn,Andrews,1981-07-13 05:11:35,264-(210)124-8493
Jonathan,Palmer,1996-03-28 06:36:51,63-(130)241-4477
Emily,Hunt,1986-08-12 03:03:31,58-(483)327-2947
Kenneth,Dixon,1995-02-18 19:43:14,967-(651)483-8551
Ashley,Sanders,1993-05-28 11:10:42,49-(258)359-9147
Ryan,Crawford,1983-08-20 22:13:33,992-(302)730-2843
Nancy,Little,1997-11-15 05:04:44,55-(420)708-4535
Emily,Perry,1984-02-07 23:27:35,47-(780)335-8730
Larry,Webb,1991-01-08 11:22:32,55-(756)121-6457
Sara,Martin,1988-10-12 00:51:58,373-(149)345-0152
Frank,Alexander,1988-03-06 10:42:25,33-(223)295-0394
Paula,Dean,1990-03-04 16:37:39,351-(450)811-9926
Joe,Green,1983-08-08 18:23:30,86-(420)952-3995
Michelle,Graham,1991-06-10 11:27:07,86-(972)814-5044
Anthony,Martin,1992-01-31 19:14:29,7-(850)691-3882
Tina,Baker,1983-05-07 05:37:08,33-(557)209-1962
Amanda,Walker,1983-05-13 09:59:49,353-(991)318-3358
Heather,White,1984-08-13 05:41:58,86-(580)811-9455
Jimmy,Robertson,1995-06-30 20:41:27,358-(118)997-7853
Michelle,Myers,1983-09-16 01:25:45,7-(755)595-2413
Wanda,Adams,1980-10-07 23:45:56,30-(864)693-1613
Chris,Crawford,1994-12-20 06:44:35,46-(338)823-4969
Tammy,Gilbert,1995-10-10 14:16:44,351-(816)690-1492
Aaron,Bryant,1985-03-09 10:27:17,62-(925)487-1385
Christopher,Hanson,1986-12-01 16:18:51,880-(823)350-5349
Lois,Reid,1992-06-22 00:47:40,63-(781)906-6763
Harold,Rose,1995-11-27 08:09:47,58-(358)235-5610
Earl,Richardson,1981-08-22 21:36:50,63-(565)606-0032
Michelle,Lee,1983-09-12 23:06:14,46-(777)538-2176
Jacqueline,Nguyen,1983-11-26 03:52:33,234-(525)135-0532
Lori,Fernandez,1993-05-31 03:49:39,355-(980)541-1852
Anthony,Day,1984-07-13 07:34:39,49-(814)982-3321
David,Tucker,1993-02-10 02:19:02,54-(815)985-7787
Donna,Austin,1983-05-05 09:49:48,7-(382)766-4678
Shirley,Bailey,1984-08-29 12:10:56,359-(693)148-9842
Carolyn,Knight,1988-01-19 03:40:33,86-(415)525-8253
Joshua,Myers,1993-04-14 14:46:45,62-(524)713-7600
Scott,Ferguson,1983-09-08 11:50:16,63-(101)986-1234
Jean,Jackson,1992-08-07 11:14:29,57-(888)406-9731
Ralph,Edwards,1994-07-28 04:07:27,7-(574)478-4974
Billy,Ruiz,1980-05-02 15:00:35,389-(714)839-1064
Larry,Shaw,1996-03-29 04:36:32,212-(913)929-6910
Earl,Wagner,1988-11-27 03:28:36,62-(565)793-7543
Larry,Scott,1980-05-04 14:38:56,86-(214)460-9134
Pamela,Arnold,1987-12-09 13:29:00,33-(486)187-0377
Jack,White,1981-04-01 12:23:45,81-(443)960-5597
Bonnie,Brooks,1987-02-18 17:53:17,47-(816)740-6270
Kathleen,Henderson,1988-10-27 04:54:57,420-(130)964-8980
Teresa,Hicks,1985-03-16 07:38:55,55-(683)469-9041
Cheryl,Nichols,1989-09-18 03:12:20,55-(119)568-0712
Henry,Richards,1990-06-21 18:47:08,351-(517)777-3197
Margaret,Simpson,1986-06-24 01:24:20,1-(376)733-8754
Antonio,Wood,1984-07-23 16:29:10,268-(309)983-2542
Raymond,Nichols,1985-10-06 03:43:10,380-(563)492-2934
Nicholas,Lynch,1985-12-21 03:40:26,63-(693)361-0131
Antonio,Simpson,1985-09-17 19:30:26,86-(624)513-0868
Willie,Miller,1983-04-26 15:57:50,63-(724)952-6379
Douglas,Fields,1990-11-26 11:59:18,218-(740)219-4957
Todd,Watson,1984-05-07 20:58:38,225-(550)930-9633
Christopher,Williams,1982-10-06 13:10:53,7-(534)212-4311
Virginia,Hart,1995-11-16 03:31:13,265-(598)440-0006
Douglas,Wallace,1990-12-14 10:10:28,86-(990)874-7745
Frances,Snyder,1985-07-11 08:34:27,62-(761)665-4320
Louis,Spencer,1988-04-27 05:52:54,351-(781)159-6722
Martha,Garza,1983-11-26 03:56:37,46-(863)927-4201
Louis,Anderson,1992-11-20 06:38:16,380-(134)217-6342
Martin,Diaz,1997-07-21 02:15:19,351-(521)604-8318
Louis,Snyder,1987-05-05 20:29:51,380-(259)111-1161
Ruth,Jones,1986-06-27 19:19:45,62-(366)798-7084
Eric,Romero,1996-09-27 15:53:43,238-(102)944-4029
Lillian,Turner,1980-11-13 05:45:08,86-(165)983-9824
Jessica,Johnston,1980-01-06 19:43:04,7-(960)868-3567
Rebecca,Mitchell,1989-08-25 17:11:32,234-(596)755-7407
Jack,Graham,1993-05-23 22:37:27,63-(923)460-8163
Louis,Gordon,1992-10-14 02:08:29,353-(796)622-0203
Philip,Berry,1986-08-04 14:26:33,7-(551)615-3088
Donna,Watkins,1994-11-13 04:32:37,972-(146)556-6066
Teresa,Cox,1982-07-07 17:27:32,266-(579)381-2111
Angela,Dixon,1990-05-21 22:15:23,27-(935)986-5359
Jessica,Robertson,1983-04-06 14:49:06,62-(412)552-0863
Richard,Boyd,1995-01-17 10:05:44,48-(561)510-2188
Rachel,Moore,1989-05-18 22:09:09,62-(499)362-2995
Sara,Hanson,1980-05-31 16:47:39,506-(379)123-3499
Betty,Myers,1995-08-20 11:02:46,86-(442)489-9301
Evelyn,Evans,1981-06-24 03:24:26,62-(199)958-1917
Janet,Perez,1994-12-28 12:26:03,81-(304)495-8049
Rose,Martinez,1983-02-15 02:34:04,380-(789)269-2635
Rachel,Garrett,1980-11-07 10:32:43,62-(160)452-9353
Diane,Tucker,1990-10-21 04:33:41,86-(862)972-6459
Howard,Simpson,1991-03-03 23:17:41,595-(197)368-4081
Daniel,Owens,1992-06-24 09:26:50,86-(816)161-9347
Jean,Gilbert,1997-01-31 06:03:08,420-(872)126-0782
Nicholas,Greene,1995-08-13 04:26:10,374-(960)237-7215
Ralph,Taylor,1993-08-04 04:43:02,670-(916)913-2473
Julia,Bishop,1984-09-15 02:23:13,86-(154)296-0867
Joan,Cooper,1993-07-03 22:09:22,34-(790)843-2145
Dennis,Morrison,1982-10-22 15:37:49,86-(644)660-2726
Johnny,Garza,1996-08-27 21:08:32,62-(810)504-4883
Mark,Spencer,1991-10-08 07:16:32,63-(608)643-1344
Andrew,Hill,1995-01-25 07:18:41,62-(891)786-7161
Dorothy,Garcia,1981-07-26 15:18:00,86-(898)277-6761
Denise,Barnes,1989-01-16 18:06:45,82-(445)617-4996
Harry,Alexander,1980-07-17 03:48:55,86-(470)595-1718
Antonio,Fields,1993-11-06 04:42:59,1-(405)153-0284
Juan,Weaver,1991-04-23 03:55:47,970-(413)322-1836
William,Reynolds,1983-07-13 05:21:30,351-(284)112-8931
Cynthia,Campbell,1994-03-08 15:58:55,383-(289)565-6967
Roy,Stevens,1992-02-27 20:27:53,503-(134)303-4472
Ruby,Chapman,1983-01-06 23:43:23,351-(304)670-3152
Lois,Boyd,1983-07-03 17:18:14,31-(934)946-7303
Gerald,Shaw,1992-05-21 02:36:25,39-(379)460-9041
Paul,Harvey,1985-02-20 01:13:10,48-(962)589-5405
Jeffrey,Alvarez,1992-11-21 20:43:15,81-(139)617-1687
Christine,Sullivan,1981-12-12 19:36:39,86-(402)976-1892
Stephanie,Carr,1981-01-23 03:06:09,86-(531)679-4898
Ruth,Henry,1986-12-19 03:36:05,33-(202)529-0607
Gloria,Fisher,1997-02-17 22:14:26,591-(769)690-0799
Denise,Cooper,1991-03-27 10:52:14,7-(553)838-4701
Diane,Vasquez,1990-05-13 09:35:06,82-(536)100-4954
Aaron,Gutierrez,1984-08-22 06:11:03,33-(854)198-2076
Harry,Alexander,1981-02-23 19:38:34,86-(607)252-8705
Donna,Hill,1985-10-10 23:35:33,51-(216)858-7854
Sean,Kelly,1990-11-21 04:18:18,7-(542)626-3623
Ralph,Davis,1984-04-25 19:56:54,51-(271)824-5964
Laura,Peterson,1986-03-06 11:29:08,48-(618)103-1576
Maria,Boyd,1986-06-01 11:35:13,86-(366)160-9426
Melissa,Snyder,1991-11-22 13:19:34,55-(205)496-7217
Debra,King,1981-01-26 19:34:10,63-(751)271-7992
Shawn,Kelley,1991-07-14 18:08:41,86-(627)403-5039
Maria,Bryant,1992-04-19 06:30:46,81-(240)807-4809
Peter,Edwards,1997-02-23 00:03:47,62-(143)440-7015
Joshua,Knight,1981-01-02 14:01:09,1-(585)681-5201
Keith,Arnold,1981-06-04 22:36:19,86-(169)143-6610
Brandon,Barnes,1993-08-08 00:21:00,84-(285)579-5077
Margaret,Cunningham,1992-01-26 06:52:59,47-(841)104-7565
Fred,Mccoy,1991-07-18 08:20:00,30-(667)466-2157
Emily,Shaw,1983-02-16 06:04:02,975-(153)205-9940
Nicole,Morales,1989-06-26 13:04:05,63-(878)514-6091
Rose,Mccoy,1980-07-25 06:41:33,61-(730)469-3841
Johnny,Pierce,1981-08-11 08:39:37,872-(230)614-0961
Mark,Ray,1981-06-10 02:11:30,62-(541)939-3646
Brenda,Stephens,1990-01-05 21:28:02,86-(785)173-4580
Mildred,Butler,1992-05-08 00:20:00,420-(523)652-4356
Norma,Morrison,1994-01-10 05:50:10,48-(940)784-7190
Billy,Turner,1983-03-31 07:22:09,86-(707)489-1045
Johnny,Weaver,1985-02-06 10:30:45,62-(566)647-2644
Carl,Roberts,1983-09-21 00:11:54,63-(531)371-7494
George,Wells,1984-01-08 03:37:27,389-(775)256-2389
Billy,Morales,1990-12-09 05:02:16,55-(894)339-3043
Jimmy,Jacobs,1986-04-12 19:51:44,63-(103)326-4759
Maria,Castillo,1986-12-01 18:30:32,7-(221)926-8990
Henry,Hawkins,1988-12-06 13:39:43,57-(861)139-7920
Terry,Mason,1986-07-24 02:26:40,351-(276)521-8108
Sharon,Webb,1993-05-23 06:45:22,234-(133)181-8429
Janet,Vasquez,1980-05-04 19:34:24,63-(276)839-6321
Pamela,Fowler,1995-10-09 09:04:54,55-(452)378-7674
Lori,Hicks,1995-07-10 17:07:19,351-(571)541-1725
Susan,Watkins,1997-10-06 06:10:10,86-(294)798-9945
Joyce,Mason,1991-02-25 01:48:22,60-(847)761-4574
Johnny,Kennedy,1988-11-28 21:19:48,92-(443)139-1837
Virginia,Harris,1985-12-16 13:07:43,86-(610)461-6395
Carol,Allen,1981-04-23 20:45:49,62-(895)826-1291
Julia,Greene,1989-05-09 19:47:18,7-(168)975-1982
Aaron,Robertson,1985-08-22 11:02:58,63-(837)530-9330
Carol,Peters,1990-03-02 06:55:13,62-(951)162-7757
Denise,Hunt,1995-01-20 10:24:16,420-(273)287-8040
Donald,Snyder,1989-07-08 14:12:34,86-(975)452-3935
Martha,Lawrence,1984-07-24 04:08:52,62-(173)202-0439
Paul,Ortiz,1989-01-01 05:19:13,63-(603)542-4269
Anne,Hill,1992-06-25 23:00:49,385-(302)955-3476
Harry,Miller,1991-08-14 13:34:00,370-(745)841-5425
James,Russell,1987-05-24 17:37:12,55-(797)740-9726
Bobby,Fuller,1980-05-28 11:38:12,46-(891)708-9216
Sharon,Cox,1990-01-02 08:16:35,86-(197)671-1124
Sharon,Williamson,1994-02-17 22:30:50,994-(675)641-7634
Stephen,Austin,1985-08-13 10:15:36,7-(110)441-2623
Frances,Woods,1990-05-22 23:35:24,49-(187)870-5557
Emily,Burton,1995-03-29 04:43:25,98-(938)902-0263
Melissa,George,1996-06-22 03:54:34,7-(730)123-5443
Anna,Howell,1984-11-11 16:00:57,57-(158)581-0014
Andrea,Gordon,1981-12-15 10:15:35,355-(502)685-1859
Alice,Gardner,1989-01-21 06:03:23,62-(325)263-4439
Ruby,Collins,1992-04-10 17:12:02,86-(209)630-4200
Phillip,Cruz,1991-12-13 22:35:55,66-(438)551-3562
Jimmy,Bailey,1991-09-28 19:24:01,86-(698)703-7162
Angela,Andrews,1984-06-19 21:15:18,7-(183)703-5273
Roger,Bell,1980-03-02 18:54:00,86-(879)558-0974
Janet,Gutierrez,1984-01-21 00:59:05,51-(706)386-0567
Mark,Scott,1988-01-31 13:10:16,509-(542)549-4851
Bobby,Edwards,1989-06-27 23:09:51,1-(601)536-0367
Sara,West,1988-04-10 23:35:16,63-(797)426-8061
Wanda,Cox,1988-09-17 02:10:28,58-(368)643-5819
Phillip,Hall,1986-01-26 17:20:01,86-(764)707-4715
Judy,Walker,1987-03-23 07:06:35,62-(836)295-4497
Alice,Powell,1991-01-25 07:36:58,86-(728)874-1490
Barbara,Patterson,1992-01-30 01:51:14,86-(989)782-0183
Julie,Crawford,1990-01-10 23:39:25,62-(648)628-1339
Maria,Howard,1987-06-28 01:33:40,93-(515)572-7248
Russell,Greene,1989-06-11 22:40:19,86-(805)597-2104
Eugene,Wagner,1983-07-18 01:58:45,30-(113)620-7938
Pamela,Hamilton,1984-10-15 11:22:28,967-(533)301-6689
Michelle,Garrett,1995-02-19 16:08:06,30-(872)904-3023
Rebecca,Murray,1990-09-14 17:49:20,63-(601)971-6004
Sara,Wood,1993-12-27 14:11:30,86-(429)469-1340
Karen,Baker,1986-07-19 21:49:43,62-(418)809-9119
Katherine,Edwards,1991-01-07 16:08:40,58-(521)361-0034
Shawn,Carroll,1992-03-26 06:38:54,92-(502)128-4773
Denise,Jordan,1982-06-02 05:59:32,86-(975)837-0661
Fred,Fowler,1984-11-07 14:25:06,48-(151)864-2068
Bonnie,Baker,1981-12-07 01:32:35,1-(781)199-1855
Carolyn,Warren,1995-05-16 08:54:41,356-(792)501-5564
Craig,Ward,1991-01-06 14:20:52,86-(188)695-4094
Beverly,Woods,1989-06-09 16:16:03,62-(640)423-5055
Raymond,Garcia,1980-06-06 06:00:20,420-(499)233-8226
Tina,Armstrong,1985-12-26 22:22:52,48-(322)657-1544
Joyce,King,1986-06-07 04:25:46,62-(212)283-6490
Evelyn,Russell,1989-01-31 05:05:24,33-(381)170-4341
Jeremy,Elliott,1986-04-14 20:59:24,33-(198)421-3238
Brenda,Graham,1980-10-02 22:10:41,226-(630)943-4191
Doris,Gonzales,1990-12-04 15:52:23,1-(101)541-0723
Patricia,Boyd,1982-05-11 17:10:15,7-(269)119-6112
Jack,Romero,1985-03-31 10:09:30,7-(164)282-3175
Brandon,Ortiz,1996-03-17 18:07:07,86-(621)161-7614
Todd,Price,1981-08-31 14:23:04,86-(126)326-8651
Louise,Fuller,1995-12-13 05:14:06,7-(544)506-9955
Justin,Richards,1997-02-08 03:13:59,380-(870)305-7058
Russell,Allen,1997-12-06 00:57:09,86-(267)729-8693
Timothy,Gardner,1997-03-06 11:00:25,254-(576)637-7903
Steve,Frazier,1987-05-13 00:00:20,86-(226)836-2894
Tammy,Anderson,1989-03-17 04:35:20,370-(589)151-3739
Jason,Payne,1997-09-02 20:41:49,46-(705)375-4739
Diana,Ross,1989-09-21 10:22:05,66-(152)131-0019
Adam,Elliott,1991-01-24 16:59:41,86-(675)471-7881
Sara,Jones,1993-10-11 20:52:04,7-(469)932-8872
Irene,Elliott,1982-11-16 23:38:22,351-(357)751-9895
Jimmy,Smith,1980-11-19 05:28:35,62-(622)976-5014
Billy,Rodriguez,1981-10-12 21:08:16,351-(662)826-9533
Brian,Garcia,1982-09-11 13:13:02,380-(966)732-8162
Phyllis,Reid,1995-01-21 22:23:03,54-(819)323-2060
Jane,Larson,1988-03-01 21:32:09,383-(164)312-0425
Frank,Cox,1992-10-13 14:35:03,351-(884)196-3451
Mary,Green,1991-09-26 04:23:12,62-(214)830-0635
Paul,Watson,1992-05-06 06:04:58,355-(746)553-9894
Linda,Marshall,1983-04-21 20:39:45,972-(857)724-1953
Gregory,Kim,1981-06-15 18:18:13,86-(680)844-4362
Barbara,Hunter,1995-07-27 14:05:13,81-(741)827-7981
Tina,Jenkins,1982-01-23 21:36:09,86-(126)477-8599
Anthony,King,1982-07-01 23:35:55,86-(154)507-3403
Jerry,Webb,1991-07-09 04:33:11,48-(419)892-6793
Heather,Richards,1989-08-20 23:56:45,55-(862)224-1333
Marilyn,Castillo,1981-09-11 05:36:01,52-(128)273-2407
Julia,Burton,1992-11-21 19:04:45,86-(758)538-4943
Christine,Morgan,1988-12-28 07:47:18,7-(439)495-8926
Billy,Carr,1996-01-23 10:20:12,86-(321)520-8461
Louis,Medina,1991-06-18 15:15:28,98-(996)401-0814
Gregory,Fernandez,1995-01-13 02:46:23,62-(147)128-8446
Bobby,Morris,1980-11-14 05:13:20,33-(989)104-2728
Patrick,Olson,1983-06-10 23:08:23,46-(343)842-3455
Jesse,Hernandez,1988-05-20 10:54:14,62-(620)885-8992
Justin,Hernandez,1987-02-20 08:35:00,63-(106)445-2292
Beverly,Dixon,1995-06-26 09:33:19,86-(597)252-5441
Steve,Dixon,1995-02-03 22:55:06,86-(677)701-3878
Debra,Mitchell,1985-02-07 14:58:32,55-(113)110-2828
Johnny,Hanson,1997-11-13 09:23:42,380-(354)494-2629
Andrea,Coleman,1982-07-25 09:06:34,506-(592)301-2517
Jean,Carter,1992-07-29 21:26:37,51-(561)542-1273
William,Rogers,1983-08-07 15:54:48,420-(774)582-7776
Louise,Martinez,1988-06-19 15:35:24,55-(650)592-2914
Juan,Smith,1993-04-01 14:59:10,233-(358)526-3162
Deborah,Ray,1993-02-08 17:27:03,420-(839)833-7265
Doris,Roberts,1997-01-29 01:51:01,95-(441)351-6824
Rachel,Reyes,1981-10-01 05:36:29,256-(866)991-4440
Denise,Larson,1986-11-27 18:27:16,63-(716)692-6880
Joan,Wallace,1989-11-21 02:27:30,27-(518)763-0960
Ryan,Allen,1984-02-04 07:13:56,237-(874)735-2297
Arthur,Jones,1992-09-06 08:14:46,20-(693)952-7955
Marilyn,Willis,1987-09-15 11:07:35,1-(877)191-1788
Doris,Williamson,1990-11-10 03:30:16,86-(295)407-7795
Joseph,Tucker,1995-12-30 18:49:33,62-(220)249-4589
Nicholas,Mills,1982-03-18 08:37:56,46-(625)371-8412
Kathy,Rivera,1983-03-24 08:14:30,598-(663)842-8599
Annie,Mcdonald,1986-02-10 21:10:57,359-(733)847-9640
David,Hall,1996-03-25 06:29:16,63-(441)275-3674
Norma,Gonzales,1981-08-26 16:05:45,63-(596)822-5034
Julia,Williamson,1996-08-25 11:45:35,420-(874)779-4616
Anthony,Lynch,1997-05-11 06:33:54,86-(721)739-8779
Richard,Olson,1983-12-20 22:03:53,7-(560)733-7384
Chris,Wagner,1984-04-08 04:53:04,98-(926)483-9382
Earl,Mccoy,1984-03-08 21:04:31,505-(603)227-3921
Frances,Lopez,1983-08-04 17:27:24,359-(369)347-0207
Jonathan,Warren,1995-10-08 20:00:57,86-(512)102-1859
Irene,Henry,1992-06-16 06:06:31,53-(417)491-2819
Joe,Baker,1981-07-31 02:04:53,86-(808)289-3469
Marilyn,Vasquez,1985-09-26 18:35:34,850-(150)612-9383
Jason,Palmer,1981-12-10 12:51:25,46-(393)860-4428
Jesse,Rodriguez,1989-03-08 12:47:20,420-(890)476-2067
Daniel,Franklin,1997-07-21 16:24:15,7-(616)841-1654
Evelyn,Carpenter,1985-01-07 07:18:09,7-(827)278-9019
Larry,Stewart,1996-10-18 06:56:09,54-(750)730-0599
Linda,Baker,1996-03-26 14:28:46,503-(560)551-9448
Joe,Jacobs,1989-08-22 21:16:35,86-(585)340-8537
Terry,Hernandez,1995-05-03 11:40:38,86-(177)846-0911
Christina,Chavez,1982-12-25 13:01:19,54-(336)430-3909
Marilyn,Stevens,1992-05-02 13:34:04,86-(163)222-8635
Jack,Ellis,1989-08-13 12:25:03,86-(521)942-8898
Beverly,Smith,1984-06-23 18:49:17,46-(514)781-4508
Gerald,Mitchell,1988-03-27 21:20:09,976-(299)186-2056
Matthew,Bowman,1995-06-22 01:38:22,86-(604)121-9942
Diane,Greene,1992-09-04 07:01:36,34-(164)154-0488
Gregory,Riley,1994-11-11 21:33:45,51-(874)419-8659
Shawn,Ross,1993-05-31 00:59:42,86-(570)475-9631
Bonnie,Gibson,1991-11-11 10:56:30,62-(484)111-3998
Heather,Powell,1991-05-27 09:22:52,86-(487)720-2870
Mildred,Hernandez,1988-12-10 19:53:50,62-(223)722-1366
Steven,Cole,1991-05-10 18:04:39,48-(160)966-1273
Deborah,Taylor,1992-07-28 22:46:01,359-(183)982-0550
Gary,Harvey,1990-11-14 04:06:10,224-(994)105-7662
Kenneth,Jenkins,1995-01-31 07:26:24,62-(915)262-0399
William,Duncan,1981-09-22 00:50:38,92-(764)578-7624
Patricia,Foster,1983-05-26 00:51:27,93-(961)712-2986
Amy,Mcdonald,1988-08-02 14:24:56,62-(953)314-9605
Brenda,Ryan,1989-06-28 19:48:25,55-(105)294-4997
Bonnie,Allen,1993-10-30 10:45:15,55-(906)176-0511
Lillian,Allen,1992-01-07 17:56:14,420-(811)841-0925
Victor,Hanson,1994-09-30 07:35:44,63-(332)387-0540
Phyllis,Alvarez,1995-10-02 20:00:15,502-(505)658-3769
Jean,Garrett,1996-06-15 20:24:02,351-(411)663-3742
Eric,Elliott,1991-07-14 15:18:41,420-(917)653-4933
Benjamin,Sanders,1993-10-30 14:28:07,92-(463)301-5510
Jennifer,Carter,1989-10-10 12:33:34,92-(354)500-6356
Charles,Reyes,1989-03-20 20:56:21,687-(914)230-2491
Angela,Hunt,1990-03-23 01:24:20,7-(339)714-6416
Marie,George,1985-01-31 09:28:25,48-(422)318-2549
Eugene,Harris,1989-08-27 01:37:27,58-(628)728-1426
Theresa,Fernandez,1994-05-29 12:09:14,358-(173)604-8282
Rachel,Chapman,1983-10-10 06:43:10,30-(768)864-5407
Diana,Riley,1997-06-16 01:15:49,52-(527)234-7029
Brenda,Morrison,1995-08-14 05:14:23,62-(367)563-1604
Tina,Edwards,1989-07-24 00:06:59,63-(838)742-7118
Ann,Brown,1995-11-26 03:55:44,62-(620)276-1878
Victor,Chapman,1994-09-04 13:39:13,62-(116)100-3320
Stephanie,Stephens,1990-04-12 16:47:58,86-(843)702-0167
Paula,Carpenter,1980-02-03 13:57:59,63-(126)449-3618
Kenneth,Adams,1989-09-29 14:30:24,86-(592)877-6727
Willie,James,1982-12-21 13:39:28,51-(776)124-9399
Stephen,Henry,1984-12-20 05:17:03,254-(175)765-5942
Helen,Cruz,1980-12-11 01:57:58,420-(900)946-0380
Paul,Welch,1993-12-25 09:44:12,55-(584)746-0992
Carl,Stanley,1991-03-20 22:46:55,81-(971)880-3929
Doris,Rodriguez,1994-11-30 11:20:20,33-(324)223-6832
Randy,Brooks,1987-08-24 02:16:54,850-(496)882-7560
Thomas,Carpenter,1992-01-11 13:40:49,86-(202)611-3081
Jacqueline,Ward,1989-06-09 13:12:10,55-(732)673-7236
Diana,Perez,1982-12-30 16:32:15,86-(984)682-9462
Laura,Kelley,1986-10-05 04:36:25,81-(845)632-9201
Ann,Scott,1980-10-08 23:00:12,86-(114)723-8492
Ruby,Harvey,1984-03-17 08:08:34,374-(991)476-8264
Eugene,Sims,1997-03-13 18:23:10,420-(953)268-4803
Julie,Williams,1996-03-19 05:28:52,386-(642)621-7206
Nicholas,Hughes,1988-07-09 02:59:12,62-(290)457-0162
Brenda,Wood,1985-11-11 20:25:23,86-(806)185-8956
Richard,Watkins,1985-12-18 03:22:42,261-(889)405-5959
Jack,Cox,1994-10-21 21:12:07,62-(598)332-9184
Sara,Jones,1987-08-27 21:20:16,62-(484)271-7212
Randy,Grant,1985-04-22 10:34:04,48-(925)773-0317
Scott,Hicks,1984-08-15 12:54:27,86-(373)768-9379
Beverly,Morris,1980-03-31 22:42:44,82-(544)879-9645
Cynthia,Coleman,1990-10-13 20:07:09,55-(508)606-8625
Aaron,Evans,1985-01-29 21:22:30,886-(699)579-0290
Anthony,Fuller,1988-06-11 11:47:00,92-(254)182-9719
Marie,Simpson,1994-10-21 05:01:56,48-(550)221-4793
Mary,Shaw,1984-03-13 22:28:52,86-(600)982-3732
Louis,Duncan,1984-04-03 07:31:43,267-(600)788-2028
Eric,Phillips,1988-03-02 22:52:50,351-(303)903-9812
Karen,Green,1988-02-06 09:53:55,54-(186)489-3209
Carol,Ryan,1985-08-02 18:20:37,86-(133)116-5952
Bruce,Myers,1992-08-02 06:33:02,48-(130)738-2246
John,Knight,1996-09-21 15:43:57,7-(407)409-4154
Elizabeth,Lawrence,1996-11-17 03:47:37,299-(813)857-4007
Keith,Bailey,1995-06-23 07:21:45,33-(171)544-2551
Wayne,Owens,1980-12-13 12:52:36,420-(294)875-1223
Christina,Marshall,1980-02-12 05:04:40,54-(156)411-0629
Jane,Gordon,1995-06-20 12:48:09,63-(388)721-4070
Wanda,Collins,1989-05-14 12:35:58,256-(848)883-2389
Rebecca,Dean,1994-03-10 09:21:07,7-(654)876-8176
Bobby,Cunningham,1991-04-15 04:13:51,62-(488)480-8160
Frank,Rogers,1980-08-01 18:34:27,420-(190)588-8075
Sandra,Marshall,1985-05-21 14:26:42,55-(363)390-4532
Kenneth,Stone,1994-12-21 21:56:43,355-(743)298-7630
Virginia,Nguyen,1992-04-08 10:20:59,55-(146)201-7790
Joyce,Burns,1995-03-26 15:08:43,33-(932)786-4293
Adam,Meyer,1988-10-11 10:13:41,43-(581)133-5027
Kathryn,Schmidt,1987-12-26 07:01:53,48-(270)357-9854
Frank,Foster,1994-07-27 00:59:52,46-(656)994-4870
Sarah,Cole,1985-09-29 05:04:06,33-(348)148-1307
Raymond,Montgomery,1994-08-01 19:53:43,86-(655)332-7221
Paula,Bell,1989-11-26 16:40:14,46-(297)242-5463
Shirley,Rice,1984-01-10 16:48:15,255-(124)876-9041
Lois,Nichols,1982-03-07 10:43:26,62-(484)840-0193
Robert,Fuller,1992-05-27 14:13:15,380-(660)772-0574
Maria,Lewis,1985-02-19 23:45:52,27-(929)212-4552
Judith,Martin,1996-09-27 01:12:47,970-(850)384-3155
Nicholas,Miller,1985-08-03 17:40:20,33-(206)424-9593
Bonnie,Perez,1994-06-17 18:24:10,58-(221)462-5252
Louis,Smith,1993-08-05 00:27:16,7-(961)692-3206
Kathleen,Dixon,1992-04-11 13:53:46,81-(479)377-8804
Harry,Price,1992-03-31 11:41:06,66-(849)513-9306
Susan,Pierce,1985-02-10 21:17:01,420-(769)796-3729
Teresa,Burton,1989-03-09 05:07:59,81-(901)851-2257
Angela,Freeman,1985-02-17 01:38:08,56-(843)556-2134
Stephen,Parker,1995-09-20 00:19:57,504-(439)387-0805
Chris,Jones,1993-09-21 21:53:19,86-(567)627-3379
Mark,Butler,1995-12-10 14:12:55,374-(993)662-6280
Jesse,Fox,1988-12-09 12:55:03,1-(314)321-7153
Betty,Henderson,1994-09-27 17:16:06,63-(478)866-8169
Steven,Rivera,1983-10-22 15:48:55,963-(140)230-0592
Sean,Johnson,1994-05-28 21:45:30,63-(420)607-6647
Sara,Welch,1980-12-07 22:16:20,58-(265)449-2058
Virginia,Dixon,1991-12-19 02:02:27,421-(464)927-9752
Albert,Kim,1988-03-30 05:52:40,86-(278)821-7657
Anthony,Cunningham,1986-12-17 10:44:34,355-(317)470-7462
Kathy,Ramos,1987-03-04 06:14:38,423-(679)446-3800
Marie,James,1990-02-16 20:03:11,39-(802)206-1397
Rachel,Hicks,1996-02-20 16:12:42,46-(938)199-1435
Randy,Dean,1993-01-14 21:01:39,63-(944)785-1241
Pamela,Johnston,1989-05-18 18:31:52,30-(598)889-6735
Michael,Fernandez,1993-01-28 11:03:52,63-(374)783-7942
Irene,Lee,1987-10-28 17:22:25,81-(278)587-2117
Timothy,Grant,1996-05-07 18:37:23,86-(813)304-3394
Joe,Lane,1995-08-10 20:27:46,51-(576)575-3807
Marie,Fields,1988-03-06 02:49:40,1-(479)537-2983
