rand,id,dep_loc,dep_date,ariv_date,arrival_loc,flight_no,airlineid
11,1,11,1/27/2004 2:26,1/27/2004 17:07,14,2872,25
8,2,8,9/17/2007 20:39,9/18/2007 13:52,7,55,25
9,3,9,5/29/2007 5:21,5/29/2007 11:07,10,1443,25
12,4,12,2/16/2008 8:48,2/16/2008 11:05,9,487,20
13,5,13,7/1/2006 8:19,7/1/2006 17:36,14,948,24
15,6,15,6/1/2004 1:57,6/1/2004 11:34,10,1970,23
8,7,8,11/19/2005 14:29,11/19/2005 18:00,13,2795,23
12,8,12,6/19/2014 13:23,6/20/2014 6:06,13,557,21
8,9,8,2/23/2010 23:58,2/24/2010 16:03,6,1833,25
13,10,13,3/27/2014 4:44,3/27/2014 15:52,9,571,21
13,11,13,5/6/2005 22:50,5/7/2005 11:34,9,484,23
14,12,14,12/11/2014 13:50,12/11/2014 19:24,11,1533,24
10,13,10,10/26/2006 4:42,10/26/2006 14:43,9,269,19
8,14,8,8/14/2006 6:31,8/15/2006 0:47,14,2364,27
9,15,14,12/23/2009 3:05,12/23/2009 13:14,9,1133,21
10,16,10,5/21/2012 4:22,5/21/2012 7:24,9,1454,22
12,17,12,2/2/2008 20:41,2/3/2008 6:05,11,427,25
11,18,11,4/17/2004 2:23,4/17/2004 9:41,15,229,27
10,19,10,10/11/2011 0:40,10/11/2011 16:58,8,1736,25
15,20,10,1/12/2010 17:27,1/12/2010 22:17,15,1762,21
9,21,9,5/14/2007 20:50,5/15/2007 16:11,10,1649,24
10,22,10,2/26/2015 17:13,2/26/2015 23:46,14,2801,22
14,23,14,7/31/2013 17:53,7/31/2013 23:49,6,2671,24
15,24,15,8/8/2012 4:35,8/8/2012 22:06,13,367,26
12,25,12,6/29/2010 12:18,6/30/2010 11:37,7,2425,20
13,26,13,11/30/2012 9:43,11/30/2012 23:39,7,601,24
9,27,9,11/3/2006 22:30,11/4/2006 5:39,14,1427,27
7,28,7,7/15/2010 1:49,7/15/2010 17:20,15,1813,25
6,29,6,4/12/2012 11:42,4/13/2012 4:04,13,1854,19
7,30,7,9/5/2012 0:19,9/5/2012 14:50,9,554,23
7,31,7,7/19/2005 5:31,7/19/2005 10:09,10,2349,22
12,32,12,9/21/2011 0:39,9/21/2011 7:02,8,2157,20
11,33,11,6/17/2014 14:52,6/17/2014 23:01,10,2958,24
7,34,7,12/1/2014 10:03,12/2/2014 3:14,11,921,25
10,35,10,9/24/2007 20:43,9/25/2007 6:04,8,210,21
14,36,12,3/22/2009 23:30,3/23/2009 21:53,14,1030,25
7,37,7,1/30/2009 22:08,1/31/2009 14:19,13,2111,23
12,38,12,2/6/2004 7:47,2/7/2004 3:22,8,2590,24
7,39,7,4/19/2010 14:28,4/19/2010 19:47,6,1557,23
8,40,8,9/6/2012 7:48,9/6/2012 15:02,13,1216,26
13,41,13,2/29/2008 16:40,2/29/2008 22:13,11,2460,27
10,42,7,6/22/2006 12:47,6/23/2006 0:26,10,891,26
14,43,14,7/30/2014 16:26,7/31/2014 15:50,9,2574,21
11,44,11,12/22/2007 3:01,12/22/2007 22:02,12,1550,19
12,45,12,2/26/2014 12:28,2/27/2014 8:44,13,461,27
8,46,10,7/16/2011 23:22,7/17/2011 4:17,8,1324,20
11,47,11,6/27/2009 8:57,6/27/2009 22:21,12,1200,24
14,48,6,8/2/2010 6:10,8/3/2010 2:17,14,664,25
13,49,13,3/14/2009 21:20,3/15/2009 9:49,11,411,19
10,50,10,1/22/2004 10:18,1/22/2004 19:03,6,1962,20
11,51,11,11/27/2005 14:09,11/28/2005 10:29,14,1365,26
7,52,7,5/25/2012 19:38,5/26/2012 16:22,11,1750,22
7,53,7,7/16/2004 19:18,7/17/2004 11:23,6,2151,22
12,54,12,4/25/2012 2:37,4/25/2012 20:18,9,2517,19
7,55,7,8/25/2014 20:40,8/26/2014 10:38,14,98,27
10,56,10,1/22/2012 14:13,1/23/2012 12:10,11,1788,22
12,57,11,7/23/2010 10:24,7/24/2010 4:41,12,1779,25
13,58,13,5/31/2014 18:38,6/1/2014 10:40,11,203,20
7,59,7,1/18/2014 17:42,1/18/2014 20:14,13,325,22
6,60,6,5/28/2013 22:43,5/29/2013 13:32,12,1610,25
8,61,8,7/21/2004 3:43,7/21/2004 7:12,7,1819,27
14,62,14,9/8/2006 9:21,9/8/2006 13:21,9,2768,25
13,63,13,2/17/2004 11:02,2/18/2004 2:55,12,1107,20
9,64,9,11/19/2008 7:15,11/20/2008 0:37,12,1454,19
14,65,14,11/3/2010 13:17,11/3/2010 17:53,7,2672,20
7,66,7,3/25/2008 10:45,3/26/2008 8:41,6,2266,24
8,67,8,11/29/2006 2:59,11/29/2006 22:53,7,759,26
10,68,10,9/7/2014 1:08,9/7/2014 18:33,13,2731,23
14,69,14,8/26/2011 20:18,8/27/2011 14:18,11,818,23
11,70,11,11/30/2009 8:08,11/30/2009 9:09,9,709,21
11,71,11,8/7/2013 6:04,8/8/2013 1:02,7,1281,22
10,72,10,2/23/2010 3:53,2/23/2010 20:37,8,236,25
10,73,7,4/7/2013 20:29,4/8/2013 8:55,10,979,23
9,74,9,3/13/2006 14:00,3/14/2006 2:24,8,1855,26
12,75,12,10/24/2006 5:26,10/24/2006 23:59,15,2899,22
15,76,15,6/26/2014 18:34,6/27/2014 4:38,6,2068,23
10,77,10,5/3/2004 7:01,5/4/2004 3:33,8,2211,21
12,78,12,8/14/2012 14:26,8/14/2012 21:12,7,2724,25
9,79,9,7/29/2015 5:41,7/29/2015 6:29,7,1482,26
12,80,12,2/3/2005 16:11,2/4/2005 1:12,8,678,22
10,81,9,2/18/2007 12:26,2/18/2007 15:50,10,259,26
7,82,7,6/13/2014 9:48,6/13/2014 23:44,9,672,24
13,83,13,2/28/2014 15:46,2/28/2014 18:38,8,1447,23
13,84,13,2/22/2013 21:11,2/23/2013 16:35,10,335,20
7,85,11,7/13/2015 19:56,7/14/2015 1:36,7,1806,22
6,86,6,1/21/2011 12:37,1/22/2011 11:23,10,779,27
10,87,10,5/18/2007 4:37,5/19/2007 1:46,11,177,27
9,88,9,7/28/2010 13:47,7/28/2010 21:12,12,443,23
7,89,7,2/2/2009 9:27,2/2/2009 17:18,15,2898,19
10,90,10,8/16/2009 5:03,8/16/2009 8:38,9,658,27
10,91,10,5/8/2008 3:25,5/8/2008 11:28,7,540,27
10,92,10,1/14/2008 20:34,1/15/2008 0:03,9,1535,25
9,93,9,4/13/2005 10:04,4/14/2005 9:55,12,2039,19
12,94,12,4/5/2004 17:51,4/6/2004 9:15,10,2368,26
7,95,7,12/5/2005 20:12,12/6/2005 10:09,14,2941,27
8,96,8,10/15/2015 17:16,10/16/2015 1:43,6,530,26
14,97,14,2/29/2004 12:36,2/29/2004 15:13,7,70,20
7,98,7,9/7/2008 16:49,9/8/2008 3:12,12,2454,25
10,99,10,3/24/2012 14:55,3/25/2012 4:55,9,2439,20
12,100,12,6/20/2005 1:55,6/20/2005 2:11,6,2508,27
10,101,10,4/16/2014 23:57,4/17/2014 19:02,7,933,22
13,102,13,5/30/2007 8:46,5/31/2007 4:19,15,1347,21
13,103,13,7/23/2004 17:58,7/23/2004 22:36,10,920,20
8,104,8,2/20/2013 15:51,2/21/2013 1:18,9,1513,27
14,105,14,6/21/2015 18:08,6/21/2015 18:54,11,95,19
15,106,15,2/16/2005 1:50,2/16/2005 7:08,11,2503,20
15,107,15,11/22/2013 14:29,11/23/2013 12:44,8,2149,21
11,108,11,7/7/2012 0:37,7/7/2012 1:06,14,254,19
8,109,8,9/3/2011 19:59,9/4/2011 5:16,13,67,25
13,110,13,1/11/2006 0:10,1/11/2006 9:23,10,1601,22
6,111,6,7/1/2008 4:56,7/1/2008 19:35,7,166,19
10,112,10,12/20/2011 6:17,12/20/2011 9:04,7,1584,27
14,113,12,3/11/2015 16:01,3/12/2015 9:13,14,729,24
12,114,12,4/14/2015 18:11,4/14/2015 19:27,10,159,23
12,115,12,5/25/2007 13:47,5/26/2007 6:15,11,2655,23
8,116,8,11/6/2012 7:21,11/6/2012 14:18,10,1344,27
6,117,6,11/22/2007 3:13,11/22/2007 11:05,9,1831,19
14,118,14,6/18/2005 7:16,6/18/2005 23:36,11,1140,26
13,119,13,11/19/2004 8:51,11/19/2004 13:53,8,499,20
14,120,14,2/25/2008 8:50,2/25/2008 20:15,11,1279,24
13,121,13,5/21/2015 16:35,5/22/2015 10:14,7,1035,20
8,122,8,6/27/2007 17:59,6/28/2007 12:26,14,2848,20
9,123,9,9/12/2015 2:27,9/12/2015 7:12,7,933,27
15,124,15,11/15/2008 11:44,11/15/2008 23:57,9,2725,20
12,125,13,9/19/2015 3:51,9/19/2015 5:42,12,585,24
11,126,11,11/1/2006 9:42,11/1/2006 10:35,15,2165,19
10,127,10,5/23/2004 19:42,5/24/2004 14:33,11,2477,24
12,128,12,11/1/2004 15:54,11/2/2004 8:54,14,1156,24
7,129,7,9/30/2010 3:22,9/30/2010 12:55,12,2501,25
9,130,9,12/9/2011 5:43,12/9/2011 6:41,7,1769,25
13,131,13,1/21/2005 11:36,1/21/2005 14:30,14,1316,27
7,132,7,2/15/2009 15:15,2/16/2009 5:42,12,1078,23
9,133,9,12/2/2010 22:31,12/3/2010 15:00,13,469,27
11,134,11,1/31/2009 12:59,2/1/2009 9:50,14,6,23
10,135,10,12/3/2012 17:02,12/4/2012 11:08,12,2612,19
8,136,8,1/30/2009 14:07,1/31/2009 12:05,7,2613,19
8,137,8,7/31/2012 12:12,8/1/2012 1:01,10,102,21
7,138,7,6/19/2014 15:59,6/20/2014 14:36,9,748,21
9,139,9,3/26/2008 5:08,3/26/2008 8:01,13,11,23
7,140,7,11/10/2006 12:42,11/11/2006 3:44,8,1559,22
13,141,13,4/26/2004 10:55,4/27/2004 1:41,14,1679,21
15,142,15,1/30/2013 7:01,1/31/2013 2:55,9,104,22
8,143,8,1/7/2013 16:13,1/7/2013 23:42,10,2813,22
6,144,6,9/19/2010 15:48,9/20/2010 15:31,9,250,27
6,145,6,1/2/2014 18:08,1/2/2014 22:19,12,2723,26
13,146,13,2/10/2006 18:44,2/11/2006 5:30,8,2107,21
11,147,11,5/9/2014 22:18,5/10/2014 18:15,6,2493,26
10,148,10,11/15/2011 23:14,11/15/2011 23:45,13,20,21
10,149,10,7/29/2009 21:20,7/30/2009 19:24,9,2480,25
13,150,13,6/4/2007 8:54,6/5/2007 0:53,14,53,21
10,151,10,3/6/2012 7:57,3/6/2012 23:29,9,1172,26
10,152,10,3/7/2010 18:24,3/8/2010 10:32,13,1059,23
12,153,12,1/22/2007 18:34,1/22/2007 20:06,6,927,24
14,154,14,6/25/2013 12:21,6/25/2013 18:22,10,1556,22
10,155,10,12/26/2009 2:09,12/26/2009 10:41,9,651,23
15,156,15,2/26/2008 20:13,2/27/2008 5:39,8,2372,27
10,157,10,1/8/2008 9:33,1/9/2008 3:34,7,2072,24
11,158,11,6/22/2005 13:11,6/23/2005 1:48,9,1402,22
8,159,8,1/12/2004 21:19,1/13/2004 7:18,9,1273,19
12,160,12,4/16/2013 13:41,4/17/2013 12:09,8,2969,19
8,161,6,9/17/2015 19:52,9/18/2015 13:07,8,1243,19
8,162,8,11/25/2004 21:29,11/26/2004 0:11,13,1281,23
13,163,13,7/12/2015 23:50,7/13/2015 17:35,8,579,22
9,164,9,9/4/2006 10:16,9/4/2006 16:24,13,1855,24
10,165,10,7/24/2009 21:10,7/25/2009 15:34,12,2478,19
9,166,9,12/17/2004 19:03,12/18/2004 6:25,12,2927,25
6,167,6,8/22/2014 7:13,8/22/2014 15:49,12,1126,24
9,168,9,7/24/2012 7:05,7/24/2012 9:17,8,2967,21
8,169,8,6/8/2010 16:17,6/9/2010 2:20,9,2084,21
10,170,14,1/3/2007 3:55,1/3/2007 5:41,10,55,26
9,171,9,6/16/2005 0:02,6/16/2005 0:20,12,598,24
14,172,14,9/16/2004 23:20,9/17/2004 2:17,9,1273,27
14,173,14,4/10/2013 8:40,4/10/2013 16:56,11,1477,22
9,174,9,8/9/2007 1:49,8/10/2007 0:29,7,1724,21
7,175,7,7/4/2010 2:53,7/4/2010 22:51,8,303,27
7,176,14,6/20/2013 7:57,6/21/2013 6:26,7,976,21
8,177,8,11/4/2014 19:44,11/5/2014 11:20,14,2593,22
9,178,9,3/19/2009 12:52,3/19/2009 20:42,13,42,23
9,179,9,12/9/2005 9:38,12/10/2005 2:25,8,276,24
9,180,9,4/10/2004 0:48,4/10/2004 15:31,13,2738,26
9,181,9,12/13/2012 8:34,12/13/2012 21:08,7,2264,22
7,182,7,12/16/2004 6:00,12/17/2004 3:59,12,764,20
13,183,13,9/10/2010 11:20,9/10/2010 20:01,10,1838,19
14,184,14,8/9/2004 6:16,8/9/2004 22:47,15,711,26
14,185,14,10/11/2013 12:33,10/11/2013 15:54,10,1302,23
8,186,8,7/20/2010 0:00,7/20/2010 6:28,6,68,20
7,187,7,3/9/2009 14:18,3/10/2009 14:08,14,2477,19
13,188,13,6/18/2012 21:19,6/19/2012 3:38,13,1684,27
8,189,8,3/4/2015 7:08,3/4/2015 8:09,12,2353,21
15,190,15,9/28/2005 4:17,9/28/2005 10:16,13,840,24
13,191,13,9/17/2010 13:56,9/17/2010 23:59,9,2139,27
13,192,13,6/2/2009 8:55,6/3/2009 8:00,8,2070,22
9,193,9,4/1/2012 7:59,4/2/2012 1:13,7,482,19
10,194,10,5/25/2011 23:56,5/26/2011 18:38,14,1366,22
13,195,13,12/14/2013 14:25,12/14/2013 16:59,9,2968,27
10,196,10,3/28/2006 7:01,3/28/2006 22:19,14,2949,26
6,197,6,4/19/2006 5:03,4/19/2006 15:02,12,2574,19
7,198,7,2/8/2014 18:53,2/9/2014 1:45,6,1668,26
13,199,13,11/1/2013 18:22,11/2/2013 9:56,15,521,21
7,200,7,8/2/2010 4:51,8/3/2010 4:01,15,2714,22
15,201,15,5/4/2005 18:37,5/4/2005 23:49,7,475,23
13,202,13,5/9/2005 0:42,5/9/2005 1:43,9,2206,23
15,203,15,6/22/2014 3:22,6/22/2014 14:59,8,2376,21
14,204,14,12/30/2014 4:26,12/30/2014 22:27,12,1319,22
8,205,8,2/9/2012 10:17,2/10/2012 3:32,14,458,20
14,206,14,10/19/2007 17:44,10/20/2007 1:39,9,2597,24
13,207,13,3/27/2015 21:37,3/28/2015 0:56,8,2940,20
9,208,9,9/5/2013 20:53,9/6/2013 10:39,6,2958,25
12,209,12,11/7/2015 2:28,11/7/2015 13:39,8,623,24
14,210,14,9/8/2015 13:12,9/8/2015 17:38,12,1669,21
10,211,10,1/3/2007 1:35,1/3/2007 16:12,13,1663,24
9,212,9,5/12/2009 2:22,5/12/2009 5:37,6,1150,22
7,213,7,6/6/2008 19:41,6/7/2008 12:32,6,425,25
13,214,13,2/27/2011 1:57,2/27/2011 7:27,15,1866,22
11,215,11,5/3/2015 0:17,5/3/2015 2:00,9,339,24
13,216,13,12/8/2013 3:35,12/8/2013 12:27,9,2041,19
15,217,15,5/14/2011 11:17,5/15/2011 9:25,10,114,20
12,218,12,3/27/2011 10:28,3/27/2011 12:33,8,1549,24
14,219,14,1/10/2007 9:57,1/10/2007 16:39,9,93,20
10,220,10,7/16/2012 22:29,7/17/2012 15:05,9,865,26
9,221,9,1/19/2008 7:18,1/19/2008 11:30,13,596,25
13,222,13,9/30/2008 11:56,9/30/2008 17:53,12,2275,24
6,223,6,11/13/2009 19:37,11/14/2009 17:02,15,1502,25
7,224,7,3/13/2006 18:13,3/14/2006 11:08,14,2086,19
6,225,6,11/30/2013 17:07,12/1/2013 7:57,12,1797,20
11,226,11,11/26/2004 20:33,11/27/2004 12:01,10,829,24
9,227,9,2/4/2009 4:50,2/4/2009 12:30,8,1968,27
8,228,8,12/4/2015 22:22,12/5/2015 8:25,6,375,27
11,229,11,2/1/2004 8:11,2/2/2004 2:42,12,560,25
11,230,11,7/19/2005 0:57,7/19/2005 14:21,13,860,24
13,231,13,11/27/2004 21:27,11/28/2004 10:22,15,601,21
13,232,13,9/5/2012 20:43,9/6/2012 14:02,6,692,25
12,233,12,6/5/2015 6:15,6/6/2015 1:42,9,217,26
9,234,9,5/29/2015 1:31,5/29/2015 16:29,14,1771,24
9,235,9,7/12/2010 16:47,7/13/2010 11:25,14,1081,27
11,236,11,5/23/2007 21:16,5/24/2007 12:03,6,939,19
15,237,15,10/25/2007 14:03,10/26/2007 3:29,7,2903,26
7,238,7,4/10/2013 2:42,4/10/2013 7:09,13,1077,22
11,239,11,5/15/2007 6:39,5/16/2007 5:27,6,133,19
7,240,8,1/15/2006 22:24,1/16/2006 9:08,7,997,21
14,241,15,11/28/2006 3:15,11/28/2006 6:35,14,887,24
7,242,11,5/16/2015 16:55,5/16/2015 21:10,7,1635,19
9,243,9,11/5/2005 20:41,11/6/2005 12:21,6,241,21
8,244,8,7/25/2014 4:59,7/25/2014 21:46,13,1772,26
10,245,9,6/11/2008 0:57,6/12/2008 0:37,10,1049,27
9,246,9,3/4/2008 10:57,3/5/2008 7:29,13,2290,20
7,247,7,7/4/2012 23:16,7/5/2012 20:56,10,603,21
12,248,12,5/13/2015 5:11,5/13/2015 19:41,8,333,20
9,249,9,12/31/2009 20:23,1/1/2010 20:22,14,1322,26
11,250,11,9/17/2011 0:28,9/17/2011 3:21,13,1093,21
7,251,7,4/8/2012 19:48,4/8/2012 21:39,8,979,26
11,252,11,1/22/2005 13:49,1/22/2005 22:03,10,846,24
14,253,14,4/29/2008 4:54,4/30/2008 2:10,7,1719,26
12,254,12,11/23/2014 1:11,11/23/2014 17:51,7,1247,23
7,255,7,11/12/2004 19:40,11/13/2004 4:00,15,900,23
8,256,13,4/15/2008 8:45,4/15/2008 9:49,8,1192,20
13,257,13,3/17/2010 19:23,3/18/2010 1:27,12,277,27
13,258,13,8/4/2007 2:31,8/4/2007 4:53,8,238,25
9,259,9,7/31/2010 7:53,7/31/2010 17:07,11,2552,24
7,260,7,8/23/2004 13:16,8/24/2004 1:03,8,508,27
13,261,13,12/20/2004 13:59,12/21/2004 7:49,11,425,19
10,262,14,5/6/2012 23:44,5/7/2012 20:41,10,1458,22
14,263,14,8/14/2012 4:51,8/15/2012 3:10,13,111,20
10,264,10,3/13/2007 2:08,3/13/2007 12:00,7,2772,25
8,265,8,3/28/2009 22:52,3/29/2009 3:18,10,1108,20
7,266,7,6/26/2011 3:06,6/26/2011 12:51,11,1655,27
8,267,8,2/3/2013 14:33,2/3/2013 18:09,14,470,25
6,268,6,1/20/2007 9:20,1/20/2007 19:14,7,1393,23
7,269,7,8/10/2011 7:04,8/11/2011 1:18,13,601,19
14,270,14,10/6/2007 7:10,10/6/2007 21:55,10,475,26
8,271,8,7/1/2005 5:31,7/2/2005 4:24,15,1141,26
15,272,15,3/19/2004 1:02,3/19/2004 6:47,10,601,26
10,273,10,8/28/2006 4:25,8/28/2006 16:43,12,2185,23
11,274,11,2/8/2013 16:37,2/9/2013 12:33,8,2905,21
14,275,14,7/19/2006 0:27,7/19/2006 16:49,10,2115,23
8,276,8,3/27/2013 8:21,3/27/2013 19:54,11,1508,26
11,277,11,2/1/2009 2:13,2/1/2009 9:36,12,595,27
11,278,11,4/16/2006 12:51,4/16/2006 19:55,12,166,25
9,279,9,12/23/2009 17:04,12/23/2009 20:46,10,2541,25
12,280,15,11/28/2006 11:38,11/29/2006 6:28,12,1106,21
8,281,8,7/24/2013 13:38,7/25/2013 6:01,12,1760,20
14,282,14,6/29/2012 20:19,6/30/2012 4:46,12,382,19
13,283,13,6/25/2013 6:53,6/25/2013 7:14,15,1527,26
13,284,13,10/18/2004 1:01,10/18/2004 13:02,12,314,26
8,285,8,3/19/2006 21:14,3/20/2006 13:19,11,2616,20
7,286,7,11/23/2012 12:59,11/24/2012 3:35,6,206,23
6,287,6,1/18/2011 17:39,1/19/2011 11:33,14,1669,26
12,288,12,1/14/2004 10:12,1/15/2004 4:25,11,943,22
12,289,12,5/20/2007 10:28,5/20/2007 11:05,6,1625,21
11,290,11,3/4/2010 9:10,3/4/2010 22:57,9,1453,25
9,291,9,10/6/2014 10:25,10/6/2014 19:02,12,1737,26
14,292,14,7/2/2013 12:46,7/3/2013 6:46,9,2080,23
6,293,6,8/19/2013 2:34,8/19/2013 17:06,15,935,20
15,294,15,8/30/2006 5:57,8/30/2006 22:42,11,414,21
8,295,8,1/15/2008 3:29,1/15/2008 13:53,12,2366,20
9,296,9,2/5/2004 9:13,2/6/2004 7:58,12,1050,24
8,297,8,12/22/2010 8:11,12/22/2010 19:54,15,1331,20
7,298,7,3/1/2015 18:18,3/2/2015 14:15,13,2484,21
12,299,12,7/6/2011 19:36,7/7/2011 10:31,9,499,24
14,300,14,8/2/2011 15:08,8/2/2011 21:26,13,1272,22
9,301,9,7/14/2014 23:34,7/15/2014 5:51,8,1328,21
8,302,8,12/29/2013 0:53,12/29/2013 17:55,13,2318,20
11,303,11,6/4/2010 9:33,6/5/2010 2:49,6,1372,25
8,304,8,9/6/2011 6:29,9/6/2011 20:05,12,445,24
11,305,11,2/4/2014 11:58,2/5/2014 9:41,8,494,25
13,306,10,4/16/2014 6:35,4/16/2014 22:58,13,519,27
6,307,10,1/21/2010 9:25,1/21/2010 17:26,6,2922,24
15,308,15,6/8/2015 14:45,6/9/2015 11:02,9,892,26
8,309,13,8/29/2013 6:58,8/29/2013 14:54,8,259,21
10,310,10,2/5/2015 5:31,2/5/2015 15:41,15,240,20
13,311,13,12/4/2014 5:15,12/4/2014 20:08,10,1804,21
13,312,13,3/27/2008 11:17,3/27/2008 11:45,10,946,19
15,313,15,12/29/2004 22:45,12/30/2004 14:07,11,2894,27
8,314,8,5/25/2013 9:20,5/25/2013 19:41,13,2240,27
11,315,11,12/7/2012 12:42,12/8/2012 0:56,12,2869,19
8,316,8,10/5/2010 23:10,10/6/2010 9:07,14,797,26
9,317,9,1/18/2012 10:41,1/18/2012 12:55,10,1451,25
14,318,14,6/15/2007 19:05,6/15/2007 23:30,14,1681,20
7,319,7,10/15/2004 8:22,10/15/2004 15:32,10,750,26
14,320,14,7/22/2008 18:17,7/23/2008 5:59,9,1926,25
15,321,15,8/30/2006 23:16,8/31/2006 14:26,10,1823,24
9,322,9,12/10/2010 1:13,12/10/2010 10:25,6,2198,22
10,323,10,4/19/2006 12:13,4/19/2006 17:22,9,202,27
10,324,11,3/5/2005 0:25,3/5/2005 10:32,10,174,20
12,325,12,8/12/2004 5:52,8/13/2004 2:17,8,1956,26
12,326,12,7/29/2014 6:46,7/29/2014 13:57,8,2629,21
14,327,14,9/26/2009 1:52,9/27/2009 1:39,11,815,26
14,328,14,9/28/2013 0:05,9/28/2013 0:12,10,441,26
13,329,13,4/21/2012 14:55,4/22/2012 3:21,6,884,27
11,330,11,5/21/2013 10:11,5/22/2013 4:36,10,1223,25
9,331,9,1/10/2014 11:05,1/11/2014 1:55,11,335,22
6,332,6,3/22/2015 10:56,3/23/2015 0:55,9,2524,25
9,333,6,10/9/2011 10:47,10/9/2011 11:54,9,113,19
11,334,11,1/1/2006 11:39,1/1/2006 18:22,12,475,26
11,335,11,8/19/2005 2:54,8/19/2005 17:22,8,1520,26
11,336,11,5/1/2009 2:38,5/1/2009 4:59,9,1253,27
10,337,10,11/5/2005 14:10,11/6/2005 3:24,9,1466,25
11,338,11,9/2/2015 5:22,9/3/2015 3:49,8,1558,21
12,339,12,1/27/2006 2:25,1/27/2006 23:26,7,44,26
11,340,11,11/19/2010 19:58,11/20/2010 7:03,12,791,22
14,341,14,1/16/2009 17:47,1/17/2009 0:27,10,960,27
10,342,10,10/29/2005 4:40,10/30/2005 3:35,8,1315,27
13,343,13,7/21/2005 20:01,7/21/2005 22:37,7,2919,26
7,344,7,3/8/2008 14:58,3/9/2008 9:41,11,1459,23
12,345,12,8/22/2008 22:25,8/23/2008 3:40,9,1054,23
15,346,15,3/28/2010 3:31,3/29/2010 2:31,13,2810,22
12,347,12,1/31/2011 1:04,1/31/2011 6:11,9,2661,27
9,348,9,11/1/2012 2:18,11/1/2012 15:46,11,365,22
12,349,10,5/11/2006 3:30,5/11/2006 19:08,12,70,20
12,350,12,1/4/2015 11:16,1/5/2015 3:41,12,2193,22
7,351,7,8/10/2010 22:44,8/10/2010 23:12,8,2947,25
8,352,8,4/26/2015 21:28,4/27/2015 8:11,7,2412,19
11,353,11,10/22/2012 21:27,10/23/2012 5:45,13,727,19
9,354,9,7/21/2013 12:10,7/22/2013 0:21,12,1694,26
8,355,8,8/8/2005 9:58,8/9/2005 6:34,13,749,27
12,356,7,8/4/2007 11:28,8/5/2007 5:07,12,413,19
15,357,15,3/6/2015 5:34,3/6/2015 14:12,14,476,24
6,358,6,2/4/2004 21:51,2/5/2004 2:09,14,1555,20
6,359,6,11/17/2012 9:01,11/17/2012 10:35,9,486,21
12,360,12,5/18/2005 6:43,5/19/2005 3:20,6,539,22
14,361,14,2/11/2004 17:41,2/11/2004 18:14,13,45,20
13,362,13,1/11/2006 18:13,1/12/2006 3:30,12,902,27
8,363,8,8/4/2005 22:56,8/5/2005 18:19,10,1127,22
8,364,8,1/10/2005 1:29,1/10/2005 23:37,10,1329,20
8,365,8,10/21/2005 18:57,10/22/2005 13:48,15,1229,22
12,366,12,6/22/2014 8:07,6/22/2014 20:46,10,1857,24
9,367,9,5/13/2011 5:20,5/13/2011 16:36,14,109,22
11,368,10,6/11/2009 14:55,6/12/2009 4:10,11,2069,19
7,369,7,8/19/2011 8:58,8/19/2011 16:53,10,2240,24
9,370,9,9/13/2009 7:07,9/13/2009 10:54,12,1874,24
11,371,11,8/6/2009 1:50,8/6/2009 4:08,6,1211,25
12,372,12,4/19/2015 5:48,4/19/2015 7:21,8,1925,27
7,373,8,2/22/2012 6:32,2/22/2012 18:57,7,2385,27
12,374,12,9/3/2005 11:39,9/4/2005 4:52,13,154,23
7,375,7,1/8/2011 17:06,1/9/2011 14:06,10,2374,22
15,376,15,9/1/2005 16:56,9/2/2005 7:54,11,1423,24
8,377,8,2/10/2006 5:58,2/10/2006 21:08,13,1034,22
7,378,7,2/21/2010 8:54,2/21/2010 10:39,12,1872,21
12,379,12,11/14/2011 6:12,11/14/2011 16:11,11,2038,21
12,380,10,11/15/2012 11:49,11/15/2012 12:41,12,1011,22
13,381,13,2/27/2005 0:42,2/27/2005 8:01,10,1549,22
10,382,10,12/31/2004 20:24,1/1/2005 1:11,11,2770,26
10,383,11,8/28/2006 1:37,8/28/2006 15:55,10,2267,24
14,384,14,10/28/2006 2:06,10/28/2006 23:29,11,1695,20
15,385,15,8/31/2005 23:20,9/1/2005 16:48,13,828,26
12,386,12,8/26/2012 18:57,8/26/2012 22:32,8,1741,23
15,387,15,10/22/2013 23:13,10/23/2013 9:39,13,2581,20
11,388,15,1/12/2009 8:00,1/12/2009 22:32,11,2342,23
14,389,7,7/29/2014 5:31,7/29/2014 18:52,14,1599,25
11,390,11,2/18/2015 1:06,2/18/2015 2:43,6,2984,22
13,391,13,6/13/2012 10:18,6/13/2012 14:53,14,1598,25
14,392,14,11/3/2011 5:12,11/3/2011 17:12,13,2042,21
12,393,12,5/1/2009 2:11,5/1/2009 23:52,11,1404,24
8,394,8,4/17/2004 15:45,4/18/2004 13:30,14,1609,24
12,395,12,9/4/2015 13:19,9/5/2015 7:34,13,207,27
8,396,8,8/31/2009 13:20,9/1/2009 9:35,11,2102,25
8,397,8,7/16/2009 1:37,7/16/2009 4:59,11,2793,25
13,398,8,5/12/2015 19:58,5/13/2015 6:19,13,2670,24
10,399,10,3/4/2006 10:05,3/4/2006 11:15,13,2549,27
9,400,9,10/10/2010 21:41,10/10/2010 21:57,15,2498,21
7,401,7,9/28/2009 7:50,9/28/2009 17:58,11,1819,23
14,402,14,10/19/2006 10:18,10/19/2006 18:04,11,928,27
12,403,12,10/12/2015 7:19,10/13/2015 3:05,13,990,27
12,404,12,4/10/2015 0:07,4/10/2015 5:42,9,815,19
10,405,10,12/15/2007 21:58,12/16/2007 17:41,14,2768,26
10,406,10,4/19/2005 22:33,4/20/2005 12:30,15,2974,25
12,407,12,1/9/2009 19:30,1/10/2009 9:09,10,837,27
11,408,12,4/3/2015 1:11,4/3/2015 7:58,11,1665,22
7,409,7,6/25/2007 8:09,6/26/2007 1:54,8,137,20
11,410,11,5/5/2014 4:29,5/5/2014 16:49,7,125,20
10,411,10,6/8/2006 6:49,6/9/2006 0:32,13,2117,21
6,412,6,10/18/2008 4:22,10/18/2008 6:54,9,584,23
12,413,12,8/23/2009 2:36,8/23/2009 16:20,9,1403,22
7,414,7,7/27/2006 21:57,7/28/2006 1:19,10,2360,25
11,415,11,9/8/2010 11:22,9/9/2010 3:14,7,2997,22
7,416,7,8/4/2004 11:49,8/5/2004 8:03,9,1777,20
9,417,9,7/12/2012 23:33,7/13/2012 14:14,11,309,23
15,418,15,3/1/2012 23:17,3/2/2012 11:03,7,2428,23
12,419,12,11/16/2012 11:40,11/16/2012 13:58,6,2915,22
8,420,8,12/19/2014 23:15,12/20/2014 0:21,10,1694,21
12,421,7,11/15/2006 15:44,11/16/2006 10:02,12,1438,27
11,422,11,12/26/2005 4:27,12/26/2005 5:51,14,2253,26
15,423,15,3/7/2009 19:22,3/8/2009 15:08,13,2743,26
6,424,6,12/12/2009 2:45,12/12/2009 4:34,14,1186,22
6,425,6,10/1/2013 3:09,10/1/2013 5:37,15,2128,27
11,426,11,6/13/2008 4:10,6/13/2008 7:10,7,858,27
8,427,8,5/29/2015 23:16,5/30/2015 21:44,13,2711,23
12,428,7,3/16/2005 17:19,3/17/2005 7:30,12,1028,21
12,429,11,2/20/2006 14:30,2/21/2006 0:18,12,2325,23
6,430,6,7/3/2014 10:55,7/4/2014 7:20,14,2327,24
13,431,13,1/14/2009 1:28,1/14/2009 1:37,15,612,23
13,432,8,5/23/2005 21:03,5/24/2005 3:39,13,2413,24
14,433,14,10/6/2008 9:16,10/7/2008 4:34,7,439,26
13,434,13,10/21/2007 9:28,10/21/2007 15:42,11,2288,22
13,435,13,1/2/2015 3:27,1/2/2015 21:05,14,2501,20
7,436,7,8/30/2004 1:53,8/30/2004 22:13,10,952,26
9,437,9,11/27/2013 14:53,11/28/2013 11:06,6,2428,26
13,438,13,12/14/2007 8:44,12/14/2007 23:06,7,743,22
12,439,12,2/13/2006 7:01,2/13/2006 21:07,10,2573,21
7,440,7,9/5/2004 1:09,9/5/2004 14:35,6,2499,21
10,441,10,5/26/2008 15:34,5/27/2008 11:24,15,94,26
11,442,11,3/5/2007 23:32,3/6/2007 19:43,13,2273,19
7,443,7,5/20/2006 1:01,5/20/2006 22:59,9,1667,22
11,444,11,9/2/2005 19:41,9/3/2005 8:51,8,654,19
9,445,9,7/9/2004 23:40,7/10/2004 22:02,6,1197,27
9,446,9,6/22/2009 12:30,6/22/2009 19:36,12,106,25
10,447,10,12/3/2008 6:21,12/3/2008 20:02,9,2452,19
13,448,13,1/19/2005 16:37,1/19/2005 17:07,8,804,20
14,449,14,7/20/2011 12:12,7/21/2011 7:15,10,1514,21
14,450,14,10/29/2004 22:00,10/30/2004 16:36,10,856,19
7,451,7,12/3/2007 4:07,12/3/2007 23:58,10,1154,27
7,452,7,10/3/2010 17:32,10/4/2010 6:54,10,2753,22
7,453,9,10/17/2015 23:25,10/18/2015 0:43,7,1999,23
10,454,8,6/5/2015 21:41,6/6/2015 21:20,10,498,22
11,455,11,8/13/2008 3:58,8/13/2008 12:14,14,962,27
10,456,10,11/20/2014 15:22,11/21/2014 13:50,8,1481,22
10,457,10,1/30/2011 17:44,1/31/2011 9:22,15,666,27
13,458,13,7/27/2008 1:15,7/27/2008 21:43,9,986,23
11,459,11,2/11/2005 4:11,2/11/2005 23:53,13,833,22
13,460,13,10/30/2006 12:44,10/31/2006 11:42,8,1741,21
14,461,14,6/26/2007 23:26,6/27/2007 22:16,7,2911,21
14,462,14,5/16/2005 14:59,5/17/2005 0:17,12,511,23
10,463,10,8/1/2012 4:16,8/1/2012 16:05,13,2089,27
9,464,9,5/11/2007 1:31,5/11/2007 11:36,7,694,22
15,465,15,2/17/2005 6:01,2/18/2005 5:31,7,652,19
14,466,14,4/8/2011 22:31,4/8/2011 23:01,7,827,22
9,467,9,6/30/2015 22:37,7/1/2015 13:46,13,1857,21
13,468,13,2/26/2008 21:32,2/27/2008 20:56,14,1975,26
6,469,6,4/7/2013 7:20,4/7/2013 19:57,12,680,23
14,470,14,5/20/2008 12:54,5/20/2008 23:08,12,750,23
12,471,12,8/22/2006 11:44,8/23/2006 2:15,13,140,25
11,472,11,2/24/2004 17:30,2/25/2004 15:39,8,2900,21
8,473,8,11/15/2014 8:43,11/15/2014 12:21,13,2985,26
8,474,8,8/26/2011 13:01,8/27/2011 2:32,9,695,22
10,475,10,9/19/2009 23:18,9/20/2009 17:22,9,871,24
10,476,10,5/16/2005 16:17,5/17/2005 4:35,14,1647,22
10,477,10,6/18/2008 3:25,6/18/2008 21:34,15,480,23
8,478,8,7/11/2005 5:30,7/11/2005 17:11,15,77,20
13,479,13,10/30/2015 7:45,10/30/2015 23:00,11,1028,19
13,480,13,3/21/2013 5:48,3/22/2013 0:19,6,1951,19
7,481,7,1/22/2010 15:38,1/22/2010 17:34,14,1840,20
14,482,14,10/23/2012 8:04,10/24/2012 6:50,8,2409,19
9,483,9,9/11/2008 16:48,9/11/2008 17:35,12,1155,26
7,484,7,3/27/2007 7:05,3/27/2007 16:18,9,804,24
6,485,6,7/27/2005 2:59,7/27/2005 7:24,10,1302,22
9,486,9,6/5/2011 11:51,6/5/2011 23:19,6,2787,25
13,487,13,6/29/2006 17:12,6/30/2006 11:15,11,2241,21
11,488,11,7/18/2012 17:10,7/19/2012 10:24,13,1493,27
10,489,14,10/9/2005 8:32,10/10/2005 0:49,10,882,27
13,490,13,8/29/2013 0:56,8/29/2013 19:14,10,169,21
12,491,12,6/15/2012 17:01,6/16/2012 4:00,9,1311,22
12,492,13,2/10/2011 17:51,2/11/2011 16:45,12,2530,26
10,493,10,7/30/2008 22:44,7/31/2008 7:59,14,454,24
7,494,7,12/30/2008 1:41,12/30/2008 6:59,8,1897,22
14,495,6,11/26/2009 0:49,11/26/2009 20:22,14,1473,24
7,496,7,2/17/2005 19:57,2/18/2005 3:19,12,1934,23
9,497,9,5/20/2014 18:16,5/21/2014 1:16,8,1656,25
8,498,8,11/28/2008 19:47,11/29/2008 4:22,12,1561,27
10,499,10,5/25/2010 21:27,5/26/2010 7:13,12,1697,20
8,500,8,9/21/2008 12:21,9/22/2008 2:31,6,240,20
7,501,7,9/17/2010 16:58,9/18/2010 0:09,15,1425,25
10,502,10,10/12/2004 21:02,10/13/2004 0:39,7,569,24
7,503,7,8/6/2008 12:26,8/6/2008 16:05,11,564,22
10,504,10,12/23/2011 14:21,12/23/2011 14:35,12,2587,25
12,505,12,1/12/2011 1:48,1/12/2011 15:42,8,1601,26
10,506,10,11/8/2012 16:44,11/9/2012 3:07,7,152,20
15,507,15,9/3/2004 16:59,9/3/2004 17:47,10,1927,22
7,508,7,10/17/2005 1:15,10/17/2005 5:55,9,1495,24
14,509,14,7/16/2007 0:51,7/16/2007 16:43,6,235,23
8,510,8,4/11/2007 10:02,4/11/2007 12:28,15,2724,22
8,511,13,7/3/2009 6:14,7/3/2009 21:58,8,2968,25
9,512,9,7/5/2009 15:42,7/5/2009 17:53,9,113,26
6,513,6,4/18/2007 20:13,4/19/2007 9:02,8,1521,21
13,514,13,7/8/2004 15:47,7/9/2004 11:40,12,674,19
13,515,13,9/30/2007 2:47,9/30/2007 5:38,11,1343,20
8,516,8,12/22/2005 17:20,12/23/2005 7:54,10,1775,27
15,517,15,11/28/2007 2:10,11/28/2007 15:59,14,290,22
6,518,6,7/5/2015 12:44,7/6/2015 10:20,13,938,22
10,519,10,2/18/2010 5:59,2/18/2010 16:09,8,2009,22
12,520,13,5/31/2014 3:41,5/31/2014 11:25,12,2390,20
8,521,8,4/17/2014 17:23,4/18/2014 16:06,14,1539,19
13,522,13,2/16/2005 15:47,2/16/2005 18:20,11,1173,24
13,523,14,7/21/2011 10:53,7/21/2011 11:14,13,2421,27
10,524,10,9/21/2014 11:36,9/22/2014 10:13,15,25,19
6,525,6,5/4/2005 21:42,5/5/2005 15:51,13,1973,26
10,526,10,4/8/2014 12:09,4/9/2014 6:02,7,414,27
7,527,7,12/28/2006 14:13,12/29/2006 6:38,9,570,19
14,528,14,10/11/2014 22:18,10/12/2014 0:33,10,410,21
15,529,15,1/22/2012 20:43,1/22/2012 20:58,10,1724,26
12,530,12,9/5/2014 22:34,9/6/2014 11:11,13,27,21
10,531,10,5/26/2004 11:14,5/27/2004 10:43,9,2681,21
13,532,13,5/4/2012 21:50,5/5/2012 2:11,10,2673,21
9,533,9,12/19/2008 23:07,12/20/2008 9:48,11,1624,21
13,534,13,3/31/2010 16:32,3/31/2010 20:01,8,1007,21
8,535,8,10/10/2008 15:27,10/11/2008 2:04,10,1559,22
13,536,13,10/15/2005 2:06,10/15/2005 4:30,9,156,21
13,537,13,12/15/2006 7:21,12/15/2006 8:52,11,1297,23
8,538,15,6/1/2014 5:17,6/1/2014 12:46,8,194,23
11,539,11,12/13/2015 9:00,12/14/2015 2:49,10,1950,24
10,540,10,11/13/2006 22:33,11/14/2006 13:06,9,2696,24
14,541,14,2/4/2008 4:27,2/4/2008 20:07,10,1622,23
14,542,14,6/12/2013 13:55,6/13/2013 4:35,6,1050,21
14,543,14,6/14/2014 8:51,6/14/2014 15:09,13,1178,25
6,544,6,11/8/2013 0:36,11/9/2013 0:33,11,898,19
12,545,12,5/30/2005 22:25,5/31/2005 13:53,10,2420,19
13,546,13,2/4/2013 2:33,2/4/2013 12:56,6,1282,25
12,547,12,9/20/2008 0:37,9/20/2008 7:35,13,1932,22
12,548,12,5/30/2014 7:06,5/31/2014 2:10,6,2959,26
11,549,11,11/10/2013 11:53,11/10/2013 12:49,10,183,21
14,550,14,8/23/2014 6:22,8/23/2014 23:25,15,1523,26
15,551,11,5/18/2011 5:29,5/19/2011 4:21,15,977,23
11,552,11,4/11/2004 4:06,4/11/2004 22:09,14,1902,20
14,553,14,8/13/2014 0:30,8/13/2014 21:53,9,962,22
13,554,7,2/24/2011 0:14,2/24/2011 0:17,13,2576,23
9,555,9,7/23/2010 14:29,7/24/2010 10:57,7,2308,19
13,556,13,5/9/2014 8:44,5/9/2014 22:21,11,2958,26
8,557,8,2/13/2009 11:35,2/14/2009 6:09,9,2071,26
10,558,10,5/24/2008 5:35,5/24/2008 11:45,13,774,24
9,559,9,5/26/2004 10:18,5/26/2004 23:22,11,659,27
13,560,13,6/30/2006 14:13,7/1/2006 2:58,9,298,23
13,561,13,8/2/2004 7:34,8/2/2004 12:32,9,1477,19
12,562,12,6/12/2006 10:44,6/13/2006 3:08,14,2008,27
12,563,12,7/10/2004 9:27,7/11/2004 5:48,7,207,19
14,564,14,12/3/2004 21:09,12/4/2004 16:09,8,1641,22
9,565,9,8/14/2007 13:48,8/14/2007 16:51,12,1134,24
8,566,8,8/1/2014 13:15,8/2/2014 5:07,7,1416,26
13,567,13,10/6/2014 11:10,10/7/2014 3:27,6,1632,26
12,568,12,3/18/2011 20:24,3/19/2011 2:07,14,2881,22
8,569,8,3/20/2006 19:07,3/21/2006 14:20,6,317,27
14,570,14,4/12/2014 5:17,4/13/2014 3:05,11,2737,22
7,571,7,7/5/2011 8:42,7/5/2011 20:11,11,2779,22
13,572,7,5/25/2011 22:07,5/26/2011 1:24,13,2739,21
9,573,9,6/9/2015 1:30,6/9/2015 5:33,7,4,22
13,574,13,4/24/2010 3:34,4/24/2010 8:38,6,2598,25
15,575,15,3/14/2009 22:35,3/14/2009 23:23,11,1418,22
11,576,11,3/18/2014 20:18,3/18/2014 21:49,13,1279,24
13,577,13,8/21/2009 22:31,8/22/2009 9:10,15,923,22
6,578,6,3/24/2010 14:11,3/25/2010 8:13,11,2068,22
12,579,12,10/6/2009 14:25,10/7/2009 14:15,9,2830,23
11,580,11,5/29/2013 18:45,5/30/2013 12:46,15,2554,25
14,581,14,5/30/2004 13:54,5/31/2004 1:18,13,332,19
11,582,11,1/11/2007 14:14,1/11/2007 22:43,12,1116,23
10,583,10,1/27/2004 14:02,1/27/2004 15:03,8,1735,25
14,584,14,3/8/2008 19:48,3/9/2008 11:04,10,1559,26
12,585,12,11/24/2004 19:25,11/25/2004 16:20,7,348,24
13,586,13,10/16/2006 18:55,10/16/2006 22:35,8,2310,24
10,587,10,4/16/2012 0:06,4/16/2012 17:26,12,2003,22
14,588,14,2/13/2011 8:07,2/14/2011 7:33,11,2483,27
11,589,11,3/19/2009 6:32,3/20/2009 5:28,11,1783,27
14,590,14,4/17/2011 1:41,4/17/2011 19:03,15,562,24
9,591,9,11/23/2008 17:43,11/24/2008 6:05,10,1113,23
13,592,13,2/5/2005 6:26,2/5/2005 16:51,14,1781,23
9,593,9,7/22/2007 14:47,7/22/2007 21:51,15,2666,20
7,594,7,2/3/2009 7:48,2/4/2009 5:40,6,2518,20
7,595,7,3/6/2012 0:23,3/6/2012 13:18,13,2586,25
9,596,9,11/2/2006 21:50,11/3/2006 18:02,13,402,26
11,597,11,4/4/2005 14:22,4/5/2005 7:08,14,808,25
9,598,9,6/6/2007 18:28,6/7/2007 9:30,12,475,27
8,599,8,9/11/2011 22:54,9/12/2011 18:07,14,532,27
6,600,6,8/27/2010 22:17,8/28/2010 9:59,15,2391,26
10,601,10,7/30/2012 14:47,7/31/2012 11:53,11,2092,27
7,602,14,6/10/2012 12:06,6/11/2012 1:38,7,2309,21
14,603,14,3/3/2004 0:08,3/3/2004 14:20,12,2739,25
7,604,7,8/3/2009 23:16,8/4/2009 18:42,10,343,19
15,605,15,7/30/2010 17:19,7/31/2010 9:14,9,1771,22
9,606,9,5/26/2008 7:41,5/26/2008 10:36,13,344,23
6,607,6,7/16/2005 6:42,7/16/2005 14:36,8,2641,26
11,608,11,1/18/2010 5:16,1/18/2010 19:29,13,2542,25
6,609,6,2/15/2009 11:03,2/16/2009 5:02,13,644,24
8,610,8,3/9/2007 15:34,3/10/2007 10:04,12,1542,22
14,611,14,7/5/2013 22:06,7/6/2013 20:54,6,1815,27
14,612,14,7/20/2014 20:19,7/21/2014 18:54,7,703,25
14,613,14,2/2/2014 16:19,2/3/2014 11:03,8,2191,24
7,614,7,1/2/2006 21:44,1/3/2006 13:38,9,844,25
12,615,12,2/6/2005 7:37,2/6/2005 20:15,14,785,25
12,616,12,2/4/2012 18:02,2/5/2012 16:14,12,1030,21
8,617,8,6/11/2014 17:39,6/11/2014 19:28,13,704,22
7,618,7,8/1/2011 23:37,8/2/2011 16:28,11,1680,23
12,619,12,3/4/2011 7:50,3/4/2011 8:56,15,2181,22
7,620,7,2/5/2006 1:41,2/5/2006 20:05,14,841,27
8,621,8,4/16/2009 8:47,4/16/2009 18:00,6,2468,24
10,622,10,11/8/2013 0:57,11/8/2013 2:06,11,2534,21
8,623,8,8/6/2014 6:08,8/7/2014 3:47,12,2141,21
13,624,13,11/20/2004 14:05,11/21/2004 6:57,10,2876,21
14,625,14,7/29/2005 3:53,7/30/2005 0:26,14,2147,25
9,626,9,11/3/2014 17:02,11/4/2014 16:04,7,2197,26
10,627,10,8/1/2006 19:02,8/2/2006 8:09,8,1864,23
13,628,13,5/16/2008 20:13,5/17/2008 4:54,14,1163,20
12,629,12,5/25/2012 14:12,5/26/2012 5:44,10,202,19
12,630,12,10/20/2011 16:32,10/20/2011 19:19,14,563,19
7,631,7,11/1/2005 6:43,11/1/2005 9:21,11,302,24
7,632,7,12/6/2010 2:21,12/7/2010 0:57,8,2272,27
15,633,15,7/9/2007 3:15,7/9/2007 23:02,10,2021,23
10,634,10,6/15/2012 1:46,6/15/2012 10:10,8,635,20
8,635,8,9/20/2010 13:22,9/20/2010 14:06,7,1719,22
8,636,8,6/12/2005 10:08,6/12/2005 16:40,9,2172,22
15,637,15,11/4/2013 2:37,11/4/2013 2:59,14,1004,20
7,638,7,2/19/2013 21:06,2/20/2013 14:42,15,752,27
11,639,11,10/25/2012 18:26,10/26/2012 5:58,6,725,22
7,640,7,6/7/2004 17:45,6/8/2004 17:00,11,249,27
8,641,8,4/14/2009 22:05,4/15/2009 8:49,12,2984,19
15,642,15,9/3/2013 3:58,9/3/2013 10:10,10,2174,20
14,643,14,12/23/2008 22:32,12/24/2008 5:49,15,2387,20
11,644,11,11/6/2005 23:54,11/7/2005 17:08,8,742,19
8,645,8,3/4/2006 22:29,3/5/2006 7:11,6,1715,26
11,646,11,5/22/2007 17:40,5/22/2007 20:25,13,2468,24
8,647,8,6/21/2006 14:27,6/22/2006 0:30,7,706,24
14,648,14,5/3/2012 13:28,5/4/2012 7:19,10,2861,25
14,649,14,4/6/2012 5:57,4/6/2012 20:30,10,1967,25
9,650,11,6/21/2007 14:07,6/22/2007 11:42,9,2970,26
14,651,14,1/2/2014 8:25,1/2/2014 23:10,6,1224,27
8,652,8,8/4/2011 2:10,8/4/2011 9:46,9,403,26
10,653,10,2/12/2011 14:19,2/13/2011 2:41,13,226,26
8,654,8,11/9/2006 21:51,11/10/2006 21:38,9,29,19
10,655,10,5/7/2014 18:54,5/7/2014 19:17,9,715,20
15,656,15,6/15/2010 8:50,6/15/2010 23:24,12,1382,27
11,657,11,6/23/2010 3:14,6/23/2010 23:35,14,585,24
11,658,11,11/4/2009 7:15,11/4/2009 14:42,13,119,22
7,659,7,1/23/2011 0:07,1/23/2011 15:59,9,2112,20
8,660,8,2/28/2005 16:17,3/1/2005 12:02,9,1462,21
14,661,14,5/17/2004 6:24,5/17/2004 18:24,6,499,25
14,662,14,7/1/2008 12:48,7/1/2008 19:13,8,2955,27
13,663,6,7/27/2013 2:25,7/27/2013 19:42,13,767,22
12,664,12,6/30/2011 20:33,7/1/2011 12:22,13,632,19
9,665,9,5/18/2008 13:39,5/19/2008 7:16,14,1375,25
9,666,9,5/9/2004 9:54,5/10/2004 7:59,9,454,21
12,667,12,12/20/2008 20:21,12/20/2008 21:41,11,865,20
7,668,7,10/14/2011 21:30,10/15/2011 9:45,8,754,24
15,669,15,1/22/2005 19:09,1/23/2005 17:12,10,1960,19
13,670,13,4/18/2010 18:40,4/19/2010 16:27,10,1182,27
6,671,6,7/25/2010 14:51,7/26/2010 0:42,9,83,24
7,672,7,3/4/2013 1:18,3/4/2013 21:57,15,1489,25
11,673,11,12/12/2009 6:05,12/12/2009 6:47,9,865,21
15,674,15,7/5/2008 8:55,7/5/2008 21:15,12,2441,21
8,675,8,8/8/2014 6:30,8/9/2014 0:52,7,794,22
11,676,11,7/10/2009 21:44,7/11/2009 7:06,9,1751,22
14,677,14,11/5/2005 9:23,11/6/2005 3:11,13,2692,20
9,678,9,10/7/2005 15:52,10/8/2005 0:59,7,203,26
14,679,14,8/8/2004 15:28,8/9/2004 13:20,13,1188,21
10,680,10,6/23/2015 12:45,6/23/2015 14:08,15,2914,26
6,681,6,3/9/2011 3:20,3/9/2011 8:05,8,1331,21
8,682,8,3/24/2007 15:43,3/25/2007 1:01,6,580,21
8,683,8,8/11/2009 21:49,8/12/2009 20:15,9,988,25
14,684,14,4/25/2011 5:25,4/25/2011 11:44,12,209,24
14,685,14,3/7/2014 17:21,3/8/2014 16:02,8,1423,20
6,686,6,8/7/2011 9:02,8/8/2011 7:47,10,1273,23
10,687,10,5/11/2011 21:04,5/12/2011 6:32,8,493,24
15,688,15,10/16/2015 3:02,10/16/2015 17:37,8,2344,24
14,689,14,1/23/2008 22:11,1/24/2008 16:51,11,1607,25
11,690,11,7/14/2010 23:41,7/15/2010 23:06,15,2755,25
12,691,6,8/31/2014 6:38,9/1/2014 0:12,12,2490,23
13,692,13,5/25/2008 18:28,5/26/2008 3:27,7,2018,22
12,693,13,1/4/2005 19:01,1/5/2005 2:49,12,2667,24
7,694,7,1/27/2014 11:51,1/28/2014 6:04,9,1204,21
10,695,10,9/11/2008 10:11,9/12/2008 3:50,9,1954,25
7,696,7,4/17/2014 0:42,4/17/2014 11:03,9,2684,22
7,697,7,5/7/2009 21:28,5/8/2009 18:44,10,31,25
7,698,7,12/3/2006 1:27,12/3/2006 16:28,8,345,27
11,699,11,4/29/2014 0:38,4/29/2014 8:26,14,1971,20
13,700,13,8/26/2011 5:16,8/26/2011 14:47,11,908,23
9,701,10,7/5/2008 23:39,7/6/2008 13:36,9,891,26
6,702,6,3/11/2013 7:26,3/12/2013 2:35,12,492,22
10,703,10,12/16/2006 20:45,12/17/2006 15:17,9,1603,20
6,704,6,3/4/2014 0:16,3/4/2014 8:13,9,2775,24
14,705,14,9/14/2011 19:25,9/14/2011 21:16,9,2820,21
15,706,15,8/9/2006 7:11,8/10/2006 0:46,7,893,26
13,707,13,4/28/2004 1:23,4/28/2004 4:07,12,1894,21
8,708,8,6/7/2007 19:35,6/8/2007 11:11,6,2812,22
14,709,14,6/2/2009 14:21,6/3/2009 12:45,8,2312,21
6,710,6,12/25/2004 9:01,12/26/2004 7:12,14,2145,21
7,711,7,1/11/2007 8:43,1/11/2007 17:49,13,260,27
14,712,14,8/2/2005 6:28,8/2/2005 8:35,7,793,24
14,713,14,4/15/2004 10:58,4/16/2004 3:32,9,2687,23
10,714,10,1/27/2010 8:28,1/27/2010 9:10,12,1765,24
8,715,8,1/15/2010 14:45,1/16/2010 12:34,7,2121,26
14,716,14,8/9/2012 4:29,8/9/2012 9:37,13,692,19
7,717,7,3/4/2010 21:38,3/5/2010 7:41,9,1953,24
6,718,6,10/14/2010 2:01,10/14/2010 10:58,11,620,25
14,719,14,4/3/2012 23:15,4/4/2012 3:53,6,2276,24
7,720,7,11/27/2006 2:24,11/27/2006 18:14,9,127,19
6,721,6,12/13/2010 18:22,12/14/2010 8:43,12,400,23
13,722,13,3/19/2008 2:48,3/19/2008 7:13,7,125,24
7,723,7,3/12/2004 9:54,3/13/2004 0:08,13,478,25
6,724,6,8/2/2014 2:16,8/2/2014 4:28,8,1657,24
10,725,10,2/4/2009 20:26,2/4/2009 20:50,9,2947,22
11,726,11,7/25/2011 11:47,7/26/2011 4:43,8,1497,26
15,727,15,5/27/2005 4:16,5/27/2005 12:39,9,2976,21
14,728,14,10/18/2008 2:27,10/18/2008 22:21,13,1021,25
9,729,9,8/5/2008 1:25,8/5/2008 2:06,14,775,21
12,730,12,1/17/2012 12:51,1/18/2012 7:18,10,1571,22
7,731,7,4/27/2005 1:51,4/27/2005 15:52,6,1659,23
9,732,9,12/21/2011 2:06,12/22/2011 0:11,7,2302,21
13,733,13,6/2/2010 16:05,6/2/2010 16:51,8,1747,20
14,734,14,12/13/2004 15:28,12/14/2004 7:03,12,1933,25
9,735,14,4/17/2008 5:53,4/17/2008 12:56,9,2704,23
15,736,15,12/1/2012 11:32,12/1/2012 20:50,11,2116,27
10,737,10,5/19/2009 18:47,5/19/2009 19:04,9,1768,24
7,738,8,4/27/2012 7:37,4/27/2012 14:42,7,2432,25
11,739,11,3/25/2008 17:43,3/25/2008 18:22,12,1686,20
10,740,10,5/19/2007 17:57,5/20/2007 16:29,12,2135,19
7,741,7,7/24/2010 15:21,7/24/2010 22:09,14,1124,22
7,742,7,8/21/2007 8:27,8/21/2007 18:01,12,1066,23
15,743,15,4/30/2014 16:42,5/1/2014 12:29,7,512,23
9,744,9,3/2/2005 1:58,3/2/2005 4:27,7,907,21
13,745,13,3/23/2004 7:53,3/23/2004 13:44,7,516,25
7,746,12,4/19/2009 22:48,4/20/2009 13:07,7,2916,25
7,747,7,12/6/2006 7:48,12/6/2006 19:35,8,706,23
7,748,7,8/15/2011 8:44,8/15/2011 14:35,8,1172,24
11,749,11,1/12/2008 6:39,1/13/2008 5:40,14,318,25
13,750,13,4/9/2014 8:48,4/10/2014 4:31,7,2767,24
13,751,13,10/18/2012 5:39,10/18/2012 23:38,11,2434,22
11,752,11,6/17/2015 7:07,6/18/2015 1:51,7,38,24
15,753,11,10/21/2010 11:03,10/22/2010 2:07,15,1246,27
15,754,15,12/17/2013 21:44,12/18/2013 1:26,10,1359,21
9,755,9,9/19/2015 4:36,9/19/2015 7:41,12,650,26
11,756,11,4/14/2007 8:37,4/14/2007 14:05,14,1529,22
7,757,7,3/19/2012 6:26,3/20/2012 3:26,6,1055,27
11,758,11,3/3/2009 6:56,3/3/2009 13:32,8,1027,19
14,759,14,7/10/2009 19:29,7/11/2009 13:57,7,415,19
9,760,9,1/30/2013 1:28,1/30/2013 20:20,7,1921,22
8,761,8,10/20/2006 6:41,10/20/2006 12:29,7,443,25
6,762,6,1/26/2009 11:22,1/27/2009 10:24,13,132,24
12,763,12,11/1/2011 21:18,11/2/2011 19:19,9,1681,20
10,764,10,11/25/2009 0:34,11/25/2009 18:00,11,2898,23
11,765,11,7/18/2010 19:09,7/18/2010 22:11,14,2668,23
6,766,6,10/14/2012 19:20,10/15/2012 8:05,15,1498,27
8,767,8,5/7/2011 9:37,5/7/2011 16:13,12,2092,27
15,768,15,10/14/2011 0:12,10/14/2011 22:33,12,2792,21
12,769,12,7/9/2007 5:24,7/9/2007 7:09,10,1111,20
14,770,14,12/28/2013 10:10,12/28/2013 12:43,11,2882,23
10,771,10,1/27/2005 15:57,1/28/2005 3:50,14,1411,24
13,772,13,7/28/2005 20:54,7/29/2005 8:27,9,1697,23
13,773,13,5/9/2009 7:54,5/9/2009 10:35,11,701,20
6,774,6,6/29/2010 1:01,6/29/2010 8:25,15,2270,26
10,775,10,7/1/2008 6:25,7/1/2008 19:35,10,1015,27
8,776,8,12/23/2006 0:18,12/23/2006 7:43,12,773,20
13,777,13,5/25/2008 4:59,5/25/2008 23:39,8,1397,27
15,778,15,8/22/2014 5:23,8/22/2014 10:57,12,2637,27
10,779,10,7/9/2011 14:53,7/9/2011 19:47,13,1536,20
7,780,11,5/9/2013 18:30,5/10/2013 7:59,7,2797,27
8,781,8,4/29/2007 12:44,4/30/2007 4:52,8,2032,21
13,782,13,10/10/2008 3:49,10/11/2008 1:14,7,1402,21
10,783,10,6/3/2013 12:59,6/3/2013 15:16,6,2857,22
13,784,13,10/3/2014 0:29,10/3/2014 22:16,11,1439,24
11,785,11,5/7/2010 15:51,5/8/2010 8:31,7,2421,25
11,786,11,9/26/2004 6:14,9/26/2004 10:48,9,346,20
6,787,6,10/31/2013 7:41,10/31/2013 13:17,9,2070,26
14,788,10,4/26/2013 2:44,4/26/2013 23:40,14,1969,22
10,789,10,12/27/2009 22:37,12/28/2009 9:10,13,112,23
14,790,14,10/10/2011 5:40,10/10/2011 23:06,13,308,21
7,791,7,4/5/2006 21:04,4/6/2006 5:01,13,1391,27
11,792,12,8/17/2010 3:58,8/18/2010 3:18,11,185,26
9,793,9,10/23/2007 11:02,10/23/2007 15:45,12,2592,20
11,794,11,11/5/2014 17:15,11/6/2014 16:10,9,1850,27
8,795,10,9/8/2012 18:56,9/9/2012 0:06,8,1767,22
11,796,11,8/14/2012 20:08,8/15/2012 13:15,9,2292,27
14,797,14,3/19/2012 11:26,3/20/2012 0:52,12,999,25
15,798,15,11/5/2012 23:06,11/6/2012 10:50,11,2296,22
13,799,13,4/15/2005 13:52,4/16/2005 3:20,7,2238,25
14,800,14,12/31/2005 10:27,1/1/2006 0:34,13,2057,22
9,801,9,2/14/2004 23:44,2/15/2004 12:54,13,840,21
8,802,8,7/2/2005 15:17,7/3/2005 10:49,13,313,22
8,803,8,4/5/2011 7:58,4/5/2011 12:54,14,2607,22
8,804,8,2/6/2013 22:57,2/7/2013 12:37,11,1684,24
12,805,12,12/21/2010 19:04,12/22/2010 0:04,9,2826,26
12,806,12,11/16/2010 10:06,11/17/2010 9:59,12,276,21
7,807,7,8/9/2004 0:51,8/9/2004 3:46,12,2604,25
9,808,9,11/7/2013 22:52,11/8/2013 8:31,12,70,22
13,809,13,1/8/2015 0:45,1/8/2015 12:04,7,613,27
14,810,14,6/5/2007 8:11,6/5/2007 11:54,13,512,22
15,811,15,12/3/2011 19:39,12/4/2011 14:10,8,2418,19
11,812,11,6/20/2008 22:05,6/21/2008 18:22,15,1826,24
15,813,15,9/3/2007 15:31,9/4/2007 15:29,7,834,25
13,814,13,6/15/2012 0:28,6/15/2012 23:14,14,166,27
13,815,13,12/6/2008 18:12,12/7/2008 4:04,10,522,20
10,816,10,1/20/2004 16:59,1/20/2004 23:26,12,1822,20
11,817,11,7/14/2012 11:01,7/15/2012 6:16,12,1030,23
8,818,8,4/10/2005 2:24,4/10/2005 17:29,15,2205,27
11,819,11,10/24/2013 16:09,10/24/2013 22:21,15,103,24
10,820,10,2/21/2010 19:52,2/22/2010 14:44,6,1126,27
12,821,12,9/13/2015 11:54,9/14/2015 10:37,7,2234,20
7,822,7,6/12/2015 4:29,6/12/2015 14:51,8,2824,24
6,823,6,5/15/2013 2:38,5/15/2013 20:40,9,1933,25
10,824,10,7/22/2015 12:08,7/23/2015 11:44,14,1849,21
9,825,9,10/19/2005 16:59,10/20/2005 13:06,11,2694,26
12,826,12,4/5/2009 4:25,4/5/2009 15:40,14,561,20
14,827,14,10/15/2013 12:42,10/15/2013 15:45,11,369,19
13,828,13,1/4/2011 4:43,1/4/2011 5:07,12,2764,25
12,829,12,10/11/2004 9:29,10/12/2004 3:52,13,2412,23
8,830,8,7/23/2010 12:27,7/23/2010 17:47,13,2296,25
11,831,9,4/13/2007 16:14,4/13/2007 21:57,11,264,19
9,832,9,5/8/2015 20:01,5/9/2015 0:48,14,573,26
9,833,9,1/7/2015 2:17,1/7/2015 14:03,6,697,24
10,834,10,5/7/2012 6:31,5/8/2012 2:19,13,1989,21
7,835,7,10/9/2011 3:16,10/10/2011 2:09,10,128,26
6,836,6,10/11/2009 13:31,10/11/2009 21:31,8,1428,21
15,837,15,9/23/2005 9:11,9/24/2005 5:14,10,1897,21
9,838,9,12/16/2004 19:58,12/17/2004 5:56,13,1473,21
6,839,6,4/13/2015 9:32,4/14/2015 8:54,12,1889,26
9,840,9,8/4/2013 2:25,8/4/2013 9:55,12,571,27
10,841,10,1/11/2009 19:37,1/11/2009 23:22,8,1489,23
13,842,13,1/12/2007 10:02,1/13/2007 8:10,14,284,21
7,843,7,12/28/2006 0:54,12/28/2006 18:43,14,92,19
12,844,12,2/8/2005 9:53,2/9/2005 2:54,8,75,25
8,845,8,8/14/2013 18:14,8/15/2013 14:36,8,229,25
12,846,15,7/28/2009 10:39,7/28/2009 14:23,12,2160,24
14,847,14,10/5/2012 5:48,10/5/2012 6:53,8,2199,24
9,848,12,1/1/2010 18:16,1/2/2010 10:58,9,56,27
9,849,9,10/28/2011 11:57,10/29/2011 8:23,8,2252,27
10,850,10,2/25/2010 11:36,2/26/2010 3:08,14,239,24
10,851,10,12/28/2014 22:02,12/29/2014 4:36,12,29,27
12,852,12,12/17/2014 7:19,12/18/2014 1:13,11,184,25
13,853,13,12/16/2005 17:26,12/17/2005 3:31,7,2275,22
11,854,11,11/11/2010 17:30,11/12/2010 16:05,8,431,25
10,855,10,4/10/2008 23:16,4/11/2008 15:35,14,2170,19
11,856,11,5/3/2012 12:25,5/4/2012 3:16,14,2800,20
9,857,9,1/12/2007 16:07,1/13/2007 15:58,11,2247,20
7,858,7,3/19/2015 10:01,3/19/2015 19:37,10,67,26
8,859,8,4/2/2011 23:12,4/3/2011 11:03,7,465,24
9,860,9,10/31/2013 3:45,10/31/2013 18:13,10,1830,19
14,861,14,1/21/2012 10:51,1/22/2012 3:03,12,1837,27
8,862,8,8/9/2007 7:21,8/10/2007 5:51,9,2324,21
6,863,6,9/15/2010 13:28,9/16/2010 1:40,13,1922,24
13,864,13,3/10/2007 10:17,3/10/2007 16:12,11,1670,25
6,865,6,1/19/2007 6:18,1/19/2007 14:08,8,628,20
9,866,9,12/23/2006 23:52,12/24/2006 10:35,8,1903,26
6,867,6,12/16/2007 6:09,12/16/2007 10:49,11,2480,19
10,868,10,3/17/2005 15:08,3/17/2005 20:03,12,1115,21
13,869,13,4/11/2014 0:28,4/11/2014 15:20,8,2135,25
11,870,11,10/21/2009 15:01,10/21/2009 23:38,13,1869,21
14,871,14,5/3/2010 19:23,5/4/2010 9:44,12,579,26
6,872,6,5/22/2009 3:33,5/22/2009 10:20,7,1805,19
9,873,9,1/2/2006 14:02,1/3/2006 5:49,7,51,22
13,874,13,4/13/2010 10:40,4/14/2010 6:42,6,2753,21
11,875,11,5/12/2011 9:44,5/13/2011 7:17,14,2240,22
13,876,11,3/18/2014 11:55,3/19/2014 2:32,13,290,25
8,877,8,3/5/2005 4:32,3/5/2005 11:42,7,249,21
13,878,13,8/2/2012 12:45,8/3/2012 8:57,11,913,27
9,879,9,8/10/2013 0:50,8/10/2013 18:33,12,163,23
11,880,11,2/5/2008 7:19,2/5/2008 12:57,8,1043,20
6,881,6,7/22/2008 21:25,7/23/2008 12:34,9,158,24
11,882,11,11/18/2014 21:49,11/18/2014 22:44,7,2346,21
14,883,14,5/6/2015 15:04,5/6/2015 20:57,10,791,26
8,884,8,5/24/2010 12:01,5/25/2010 8:59,6,901,22
15,885,9,2/29/2004 0:46,2/29/2004 13:00,15,2070,27
13,886,11,3/25/2008 3:52,3/26/2008 0:50,13,2019,22
12,887,12,4/21/2006 21:50,4/22/2006 15:56,9,904,27
12,888,12,4/2/2005 8:30,4/2/2005 21:17,11,32,19
14,889,14,7/13/2009 21:33,7/13/2009 23:39,10,1419,25
11,890,12,8/3/2008 11:04,8/3/2008 22:54,11,158,20
9,891,9,12/27/2007 10:32,12/28/2007 8:19,10,1405,21
13,892,13,4/17/2004 23:14,4/18/2004 12:04,8,1644,27
15,893,15,1/28/2009 9:32,1/28/2009 11:55,13,2781,23
9,894,9,9/18/2007 13:11,9/18/2007 15:06,7,1646,26
6,895,6,5/24/2015 21:07,5/25/2015 3:41,12,878,23
13,896,13,2/13/2005 0:40,2/13/2005 13:50,7,2654,23
12,897,12,3/30/2010 12:02,3/30/2010 13:54,11,2330,19
6,898,6,12/13/2008 10:17,12/13/2008 11:16,13,329,24
7,899,7,5/2/2008 2:51,5/2/2008 17:29,7,126,20
11,900,11,4/13/2005 6:48,4/13/2005 11:48,14,1710,22
14,901,14,5/29/2013 19:22,5/30/2013 3:47,9,1635,25
8,902,8,1/19/2012 23:38,1/20/2012 8:21,13,829,26
9,903,9,4/7/2005 23:06,4/8/2005 8:20,6,2622,27
14,904,14,2/1/2014 9:35,2/2/2014 6:10,6,1816,19
6,905,6,11/8/2015 15:55,11/9/2015 6:34,9,183,23
8,906,8,7/7/2005 4:44,7/7/2005 19:33,9,655,25
7,907,7,8/3/2006 20:55,8/4/2006 6:05,13,1600,23
7,908,7,5/14/2004 20:12,5/15/2004 19:02,14,1536,22
7,909,7,4/25/2015 20:20,4/26/2015 6:41,11,2507,19
9,910,9,3/27/2005 16:14,3/28/2005 0:05,12,1995,23
14,911,14,2/26/2004 9:44,2/27/2004 3:30,12,2587,24
13,912,13,8/25/2004 7:45,8/25/2004 22:57,14,548,21
14,913,14,10/12/2015 16:27,10/13/2015 1:14,6,1678,25
8,914,13,4/14/2004 9:10,4/14/2004 17:41,8,1993,25
7,915,7,2/25/2014 12:01,2/25/2014 16:36,13,1135,27
11,916,11,11/9/2008 21:22,11/10/2008 7:53,7,2517,24
10,917,10,3/26/2012 15:01,3/26/2012 23:09,6,402,20
8,918,8,5/14/2013 3:25,5/14/2013 10:32,13,1517,25
6,919,6,2/1/2004 17:53,2/2/2004 8:41,14,2038,27
9,920,9,9/7/2008 23:44,9/8/2008 17:09,6,2632,22
8,921,13,3/11/2014 16:24,3/12/2014 16:02,8,994,19
6,922,6,11/23/2013 7:27,11/23/2013 21:19,11,479,22
6,923,6,9/15/2014 15:44,9/16/2014 8:37,9,402,27
8,924,8,7/22/2007 5:51,7/22/2007 9:16,13,1071,26
15,925,12,1/25/2015 23:35,1/26/2015 15:21,15,2522,22
13,926,13,4/12/2013 20:29,4/13/2013 3:06,15,2728,19
11,927,11,4/9/2005 4:33,4/10/2005 3:45,13,427,26
10,928,10,2/1/2006 17:08,2/1/2006 22:45,12,1734,25
14,929,14,6/7/2009 7:20,6/7/2009 23:33,13,1039,24
13,930,14,7/22/2007 11:04,7/23/2007 8:30,13,2299,21
9,931,9,6/9/2014 17:34,6/10/2014 14:53,10,2921,20
8,932,8,11/29/2008 23:21,11/29/2008 23:54,9,2054,23
12,933,9,12/10/2008 12:19,12/11/2008 5:17,12,1743,26
12,934,12,6/7/2012 1:25,6/7/2012 11:21,7,571,20
12,935,12,1/13/2004 14:49,1/13/2004 18:54,11,809,24
13,936,13,3/1/2004 16:38,3/2/2004 5:37,10,221,22
9,937,9,11/26/2006 5:45,11/26/2006 6:51,14,2821,21
11,938,11,9/23/2011 21:34,9/24/2011 11:31,8,2259,21
13,939,13,5/14/2010 4:02,5/14/2010 13:49,8,928,26
6,940,6,8/8/2011 13:14,8/9/2011 4:54,14,723,27
15,941,9,12/22/2011 16:45,12/22/2011 18:00,15,698,26
12,942,12,9/5/2013 17:33,9/6/2013 12:39,9,1091,21
11,943,11,9/10/2014 21:23,9/10/2014 23:06,15,1474,21
6,944,6,12/13/2009 17:56,12/13/2009 19:23,12,2160,22
12,945,12,12/2/2013 8:31,12/2/2013 14:29,9,565,19
14,946,14,12/8/2015 19:28,12/9/2015 15:31,11,224,19
12,947,12,8/8/2011 18:45,8/9/2011 5:29,14,485,24
13,948,13,7/6/2012 13:24,7/7/2012 10:11,11,1278,27
7,949,7,6/12/2007 1:08,6/12/2007 5:31,8,2469,22
15,950,15,11/1/2006 22:50,11/2/2006 20:30,12,2618,25
14,951,14,10/19/2009 7:45,10/20/2009 1:20,8,893,20
8,952,8,11/20/2006 11:25,11/20/2006 21:31,9,2185,27
6,953,6,7/6/2006 12:30,7/6/2006 12:42,10,236,22
8,954,12,11/30/2012 12:46,11/30/2012 16:34,8,231,20
8,955,12,8/4/2006 23:51,8/5/2006 16:05,8,667,21
7,956,7,1/30/2008 3:00,1/31/2008 0:46,8,2434,21
15,957,15,7/17/2008 4:35,7/18/2008 1:49,12,1180,23
8,958,8,2/16/2011 23:11,2/17/2011 1:00,14,708,26
13,959,7,3/28/2011 6:07,3/29/2011 5:26,13,2036,24
11,960,11,10/17/2009 2:10,10/17/2009 8:28,10,1842,24
11,961,11,11/20/2015 7:27,11/20/2015 21:32,8,1474,26
12,962,14,2/21/2011 2:59,2/21/2011 17:42,12,1333,26
10,963,10,3/2/2008 18:30,3/3/2008 5:24,6,1400,21
11,964,8,1/27/2008 6:56,1/28/2008 1:40,11,2566,24
14,965,14,1/15/2015 22:45,1/16/2015 8:30,9,1688,20
9,966,14,6/14/2007 18:16,6/14/2007 22:36,9,2136,20
10,967,10,10/26/2010 1:22,10/26/2010 4:21,11,627,27
6,968,6,7/10/2009 1:26,7/10/2009 7:17,13,1104,21
9,969,9,2/11/2012 16:41,2/12/2012 14:04,12,520,22
9,970,9,7/14/2014 21:08,7/14/2014 21:19,14,2163,20
6,971,6,10/25/2008 20:21,10/26/2008 16:59,10,2337,20
9,972,9,7/8/2014 19:13,7/9/2014 8:36,11,2786,26
10,973,10,9/11/2005 17:11,9/11/2005 23:02,11,2526,25
12,974,12,2/20/2013 5:00,2/20/2013 11:43,8,1473,21
8,975,8,1/3/2008 5:40,1/3/2008 7:13,14,2862,27
7,976,7,4/15/2006 3:52,4/15/2006 13:13,14,1008,26
12,977,12,2/28/2005 11:52,2/28/2005 21:29,10,1868,25
14,978,14,12/5/2015 5:45,12/5/2015 11:42,12,1580,24
11,979,11,8/14/2011 16:53,8/15/2011 9:12,9,1607,20
15,980,15,10/12/2006 8:29,10/13/2006 5:22,13,990,19
13,981,13,8/16/2010 19:11,8/17/2010 4:01,10,1172,24
12,982,12,10/10/2014 17:22,10/10/2014 17:34,14,350,25
13,983,13,6/11/2006 12:32,6/12/2006 12:17,8,243,19
9,984,9,12/16/2011 18:29,12/16/2011 20:21,11,1776,26
7,985,7,7/30/2009 23:21,7/31/2009 15:23,13,215,21
8,986,8,7/28/2015 2:46,7/28/2015 19:10,14,1253,21
13,987,13,9/21/2014 14:08,9/21/2014 23:42,11,1287,26
11,988,11,10/16/2012 15:29,10/17/2012 6:54,14,1992,26
10,989,10,6/9/2006 4:14,6/9/2006 6:52,15,2730,19
9,990,9,10/1/2011 13:56,10/2/2011 1:40,8,2013,21
10,991,10,9/8/2005 10:21,9/9/2005 0:53,14,738,26
10,992,10,10/14/2008 20:33,10/15/2008 19:44,8,2671,25
9,993,8,8/14/2008 19:24,8/15/2008 13:35,9,1904,24
7,994,7,6/18/2012 22:45,6/18/2012 23:29,15,2437,26
8,995,8,10/11/2014 16:51,10/11/2014 23:33,13,2589,20
9,996,9,11/10/2008 17:56,11/11/2008 10:40,14,242,21
9,997,9,11/30/2012 3:16,11/30/2012 9:23,13,2076,23
13,998,13,8/2/2012 12:38,8/3/2012 11:05,7,1848,21
9,999,9,4/3/2006 3:39,4/3/2006 7:01,7,497,26
7,1000,7,4/17/2013 21:46,4/18/2013 19:49,14,666,23
